,#,Name,Type 1,Type 2,Total,HP,Attack,Defense,Sp. Atk,Sp. Def,Speed,Generation,Legendary
0,1,Bulbasaur,1,6.0,318,45,49,49,65,65,45,1,0
1,2,Ivysaur,1,6.0,405,60,62,63,80,80,60,1,0
2,3,Venusaur,1,6.0,525,80,82,83,100,100,80,1,0
3,3,VenusaurMega Venusaur,1,6.0,625,80,100,123,122,120,80,1,0
4,4,Charmander,2,,309,39,52,43,60,50,65,1,0
5,5,Charmeleon,2,,405,58,64,58,80,65,80,1,0
6,6,Charizard,2,5.0,534,78,84,78,109,85,100,1,0
7,6,CharizardMega Charizard X,2,14.0,634,78,130,111,130,85,100,1,0
8,6,CharizardMega Charizard Y,2,5.0,634,78,104,78,159,115,100,1,0
9,7,Squirtle,3,,314,44,48,65,50,64,43,1,0
10,8,Wartortle,3,,405,59,63,80,65,80,58,1,0
11,9,Blastoise,3,,530,79,83,100,85,105,78,1,0
12,9,BlastoiseMega Blastoise,3,,630,79,103,120,135,115,78,1,0
13,10,Caterpie,9,,195,45,30,35,20,20,45,1,0
14,11,Metapod,9,,205,50,20,55,25,25,30,1,0
15,12,Butterfree,9,5.0,395,60,45,50,90,80,70,1,0
16,13,Weedle,9,6.0,195,40,35,30,20,20,50,1,0
17,14,Kakuna,9,6.0,205,45,25,50,25,25,35,1,0
18,15,Beedrill,9,6.0,395,65,90,40,45,80,75,1,0
19,15,BeedrillMega Beedrill,9,6.0,495,65,150,40,15,80,145,1,0
20,16,Pidgey,0,5.0,251,40,45,40,35,35,56,1,0
21,17,Pidgeotto,0,5.0,349,63,60,55,50,50,71,1,0
22,18,Pidgeot,0,5.0,479,83,80,75,70,70,101,1,0
23,18,PidgeotMega Pidgeot,0,5.0,579,83,80,80,135,80,121,1,0
24,19,Rattata,0,,253,30,56,35,25,35,72,1,0
25,20,Raticate,0,,413,55,81,60,50,70,97,1,0
26,21,Spearow,0,5.0,262,40,60,30,31,31,70,1,0
27,22,Fearow,0,5.0,442,65,90,65,61,61,100,1,0
28,23,Ekans,6,,288,35,60,44,40,54,55,1,0
29,24,Arbok,6,,438,60,85,69,65,79,80,1,0
30,25,Pikachu,11,,320,35,55,40,50,50,90,1,0
31,26,Raichu,11,,485,60,90,55,90,80,110,1,0
32,27,Sandshrew,7,,300,50,75,85,20,30,40,1,0
33,28,Sandslash,7,,450,75,100,110,45,55,65,1,0
34,29,Nidoran♀,6,,275,55,47,52,40,40,41,1,0
35,30,Nidorina,6,,365,70,62,67,55,55,56,1,0
36,31,Nidoqueen,6,7.0,505,90,92,87,75,85,76,1,0
37,32,Nidoran♂,6,,273,46,57,40,40,40,50,1,0
38,33,Nidorino,6,,365,61,72,57,55,55,65,1,0
39,34,Nidoking,6,7.0,505,81,102,77,85,75,85,1,0
40,35,Clefairy,17,,323,70,45,48,60,65,35,1,0
41,36,Clefable,17,,483,95,70,73,95,90,60,1,0
42,37,Vulpix,2,,299,38,41,40,50,65,65,1,0
43,38,Ninetales,2,,505,73,76,75,81,100,100,1,0
44,39,Jigglypuff,0,17.0,270,115,45,20,45,25,20,1,0
45,40,Wigglytuff,0,17.0,435,140,70,45,85,50,45,1,0
46,41,Zubat,6,5.0,245,40,45,35,30,40,55,1,0
47,42,Golbat,6,5.0,455,75,80,70,65,75,90,1,0
48,43,Oddish,1,6.0,320,45,50,55,75,65,30,1,0
49,44,Gloom,1,6.0,395,60,65,70,85,75,40,1,0
50,45,Vileplume,1,6.0,490,75,80,85,110,90,50,1,0
51,46,Paras,9,1.0,285,35,70,55,45,55,25,1,0
52,47,Parasect,9,1.0,405,60,95,80,60,80,30,1,0
53,48,Venonat,9,6.0,305,60,55,50,40,55,45,1,0
54,49,Venomoth,9,6.0,450,70,65,60,90,75,90,1,0
55,50,Diglett,7,,265,10,55,25,35,45,95,1,0
56,51,Dugtrio,7,,405,35,80,50,50,70,120,1,0
57,52,Meowth,0,,290,40,45,35,40,40,90,1,0
58,53,Persian,0,,440,65,70,60,65,65,115,1,0
59,54,Psyduck,3,,320,50,52,48,65,50,55,1,0
60,55,Golduck,3,,500,80,82,78,95,80,85,1,0
61,56,Mankey,4,,305,40,80,35,35,45,70,1,0
62,57,Primeape,4,,455,65,105,60,60,70,95,1,0
63,58,Growlithe,2,,350,55,70,45,70,50,60,1,0
64,59,Arcanine,2,,555,90,110,80,100,80,95,1,0
65,60,Poliwag,3,,300,40,50,40,40,40,90,1,0
66,61,Poliwhirl,3,,385,65,65,65,50,50,90,1,0
67,62,Poliwrath,3,4.0,510,90,95,95,70,90,70,1,0
68,63,Abra,12,,310,25,20,15,105,55,90,1,0
69,64,Kadabra,12,,400,40,35,30,120,70,105,1,0
70,65,Alakazam,12,,500,55,50,45,135,95,120,1,0
71,65,AlakazamMega Alakazam,12,,590,55,50,65,175,95,150,1,0
72,66,Machop,4,,305,70,80,50,35,35,35,1,0
73,67,Machoke,4,,405,80,100,70,50,60,45,1,0
74,68,Machamp,4,,505,90,130,80,65,85,55,1,0
75,69,Bellsprout,1,6.0,300,50,75,35,70,30,40,1,0
76,70,Weepinbell,1,6.0,390,65,90,50,85,45,55,1,0
77,71,Victreebel,1,6.0,490,80,105,65,100,70,70,1,0
78,72,Tentacool,3,6.0,335,40,40,35,50,100,70,1,0
79,73,Tentacruel,3,6.0,515,80,70,65,80,120,100,1,0
80,74,Geodude,8,7.0,300,40,80,100,30,30,20,1,0
81,75,Graveler,8,7.0,390,55,95,115,45,45,35,1,0
82,76,Golem,8,7.0,495,80,120,130,55,65,45,1,0
83,77,Ponyta,2,,410,50,85,55,65,65,90,1,0
84,78,Rapidash,2,,500,65,100,70,80,80,105,1,0
85,79,Slowpoke,3,12.0,315,90,65,65,40,40,15,1,0
86,80,Slowbro,3,12.0,490,95,75,110,100,80,30,1,0
87,80,SlowbroMega Slowbro,3,12.0,590,95,75,180,130,80,30,1,0
88,81,Magnemite,11,16.0,325,25,35,70,95,55,45,1,0
89,82,Magneton,11,16.0,465,50,60,95,120,70,70,1,0
90,83,Farfetch'd,0,5.0,352,52,65,55,58,62,60,1,0
91,84,Doduo,0,5.0,310,35,85,45,35,35,75,1,0
92,85,Dodrio,0,5.0,460,60,110,70,60,60,100,1,0
93,86,Seel,3,,325,65,45,55,45,70,45,1,0
94,87,Dewgong,3,13.0,475,90,70,80,70,95,70,1,0
95,88,Grimer,6,,325,80,80,50,40,50,25,1,0
96,89,Muk,6,,500,105,105,75,65,100,50,1,0
97,90,Shellder,3,,305,30,65,100,45,25,40,1,0
98,91,Cloyster,3,13.0,525,50,95,180,85,45,70,1,0
99,92,Gastly,10,6.0,310,30,35,30,100,35,80,1,0
100,93,Haunter,10,6.0,405,45,50,45,115,55,95,1,0
101,94,Gengar,10,6.0,500,60,65,60,130,75,110,1,0
102,94,GengarMega Gengar,10,6.0,600,60,65,80,170,95,130,1,0
103,95,Onix,8,7.0,385,35,45,160,30,45,70,1,0
104,96,Drowzee,12,,328,60,48,45,43,90,42,1,0
105,97,Hypno,12,,483,85,73,70,73,115,67,1,0
106,98,Krabby,3,,325,30,105,90,25,25,50,1,0
107,99,Kingler,3,,475,55,130,115,50,50,75,1,0
108,100,Voltorb,11,,330,40,30,50,55,55,100,1,0
109,101,Electrode,11,,480,60,50,70,80,80,140,1,0
110,102,Exeggcute,1,12.0,325,60,40,80,60,45,40,1,0
111,103,Exeggutor,1,12.0,520,95,95,85,125,65,55,1,0
112,104,Cubone,7,,320,50,50,95,40,50,35,1,0
113,105,Marowak,7,,425,60,80,110,50,80,45,1,0
114,106,Hitmonlee,4,,455,50,120,53,35,110,87,1,0
115,107,Hitmonchan,4,,455,50,105,79,35,110,76,1,0
116,108,Lickitung,0,,385,90,55,75,60,75,30,1,0
117,109,Koffing,6,,340,40,65,95,60,45,35,1,0
118,110,Weezing,6,,490,65,90,120,85,70,60,1,0
119,111,Rhyhorn,7,8.0,345,80,85,95,30,30,25,1,0
120,112,Rhydon,7,8.0,485,105,130,120,45,45,40,1,0
121,113,Chansey,0,,450,250,5,5,35,105,50,1,0
122,114,Tangela,1,,435,65,55,115,100,40,60,1,0
123,115,Kangaskhan,0,,490,105,95,80,40,80,90,1,0
124,115,KangaskhanMega Kangaskhan,0,,590,105,125,100,60,100,100,1,0
125,116,Horsea,3,,295,30,40,70,70,25,60,1,0
126,117,Seadra,3,,440,55,65,95,95,45,85,1,0
127,118,Goldeen,3,,320,45,67,60,35,50,63,1,0
128,119,Seaking,3,,450,80,92,65,65,80,68,1,0
129,120,Staryu,3,,340,30,45,55,70,55,85,1,0
130,121,Starmie,3,12.0,520,60,75,85,100,85,115,1,0
131,122,Mr. Mime,12,17.0,460,40,45,65,100,120,90,1,0
132,123,Scyther,9,5.0,500,70,110,80,55,80,105,1,0
133,124,Jynx,13,12.0,455,65,50,35,115,95,95,1,0
134,125,Electabuzz,11,,490,65,83,57,95,85,105,1,0
135,126,Magmar,2,,495,65,95,57,100,85,93,1,0
136,127,Pinsir,9,,500,65,125,100,55,70,85,1,0
137,127,PinsirMega Pinsir,9,5.0,600,65,155,120,65,90,105,1,0
138,128,Tauros,0,,490,75,100,95,40,70,110,1,0
139,129,Magikarp,3,,200,20,10,55,15,20,80,1,0
140,130,Gyarados,3,5.0,540,95,125,79,60,100,81,1,0
141,130,GyaradosMega Gyarados,3,15.0,640,95,155,109,70,130,81,1,0
142,131,Lapras,3,13.0,535,130,85,80,85,95,60,1,0
143,132,Ditto,0,,288,48,48,48,48,48,48,1,0
144,133,Eevee,0,,325,55,55,50,45,65,55,1,0
145,134,Vaporeon,3,,525,130,65,60,110,95,65,1,0
146,135,Jolteon,11,,525,65,65,60,110,95,130,1,0
147,136,Flareon,2,,525,65,130,60,95,110,65,1,0
148,137,Porygon,0,,395,65,60,70,85,75,40,1,0
149,138,Omanyte,8,3.0,355,35,40,100,90,55,35,1,0
150,139,Omastar,8,3.0,495,70,60,125,115,70,55,1,0
151,140,Kabuto,8,3.0,355,30,80,90,55,45,55,1,0
152,141,Kabutops,8,3.0,495,60,115,105,65,70,80,1,0
153,142,Aerodactyl,8,5.0,515,80,105,65,60,75,130,1,0
154,142,AerodactylMega Aerodactyl,8,5.0,615,80,135,85,70,95,150,1,0
155,143,Snorlax,0,,540,160,110,65,65,110,30,1,0
156,144,Articuno,13,5.0,580,90,85,100,95,125,85,1,1
157,145,Zapdos,11,5.0,580,90,90,85,125,90,100,1,1
158,146,Moltres,2,5.0,580,90,100,90,125,85,90,1,1
159,147,Dratini,14,,300,41,64,45,50,50,50,1,0
160,148,Dragonair,14,,420,61,84,65,70,70,70,1,0
161,149,Dragonite,14,5.0,600,91,134,95,100,100,80,1,0
162,150,Mewtwo,12,,680,106,110,90,154,90,130,1,1
163,150,MewtwoMega Mewtwo X,12,4.0,780,106,190,100,154,100,130,1,1
164,150,MewtwoMega Mewtwo Y,12,,780,106,150,70,194,120,140,1,1
165,151,Mew,12,,600,100,100,100,100,100,100,1,0
166,152,Chikorita,1,,318,45,49,65,49,65,45,2,0
167,153,Bayleef,1,,405,60,62,80,63,80,60,2,0
168,154,Meganium,1,,525,80,82,100,83,100,80,2,0
169,155,Cyndaquil,2,,309,39,52,43,60,50,65,2,0
170,156,Quilava,2,,405,58,64,58,80,65,80,2,0
171,157,Typhlosion,2,,534,78,84,78,109,85,100,2,0
172,158,Totodile,3,,314,50,65,64,44,48,43,2,0
173,159,Croconaw,3,,405,65,80,80,59,63,58,2,0
174,160,Feraligatr,3,,530,85,105,100,79,83,78,2,0
175,161,Sentret,0,,215,35,46,34,35,45,20,2,0
176,162,Furret,0,,415,85,76,64,45,55,90,2,0
177,163,Hoothoot,0,5.0,262,60,30,30,36,56,50,2,0
178,164,Noctowl,0,5.0,442,100,50,50,76,96,70,2,0
179,165,Ledyba,9,5.0,265,40,20,30,40,80,55,2,0
180,166,Ledian,9,5.0,390,55,35,50,55,110,85,2,0
181,167,Spinarak,9,6.0,250,40,60,40,40,40,30,2,0
182,168,Ariados,9,6.0,390,70,90,70,60,60,40,2,0
183,169,Crobat,6,5.0,535,85,90,80,70,80,130,2,0
184,170,Chinchou,3,11.0,330,75,38,38,56,56,67,2,0
185,171,Lanturn,3,11.0,460,125,58,58,76,76,67,2,0
186,172,Pichu,11,,205,20,40,15,35,35,60,2,0
187,173,Cleffa,17,,218,50,25,28,45,55,15,2,0
188,174,Igglybuff,0,17.0,210,90,30,15,40,20,15,2,0
189,175,Togepi,17,,245,35,20,65,40,65,20,2,0
190,176,Togetic,17,5.0,405,55,40,85,80,105,40,2,0
191,177,Natu,12,5.0,320,40,50,45,70,45,70,2,0
192,178,Xatu,12,5.0,470,65,75,70,95,70,95,2,0
193,179,Mareep,11,,280,55,40,40,65,45,35,2,0
194,180,Flaaffy,11,,365,70,55,55,80,60,45,2,0
195,181,Ampharos,11,,510,90,75,85,115,90,55,2,0
196,181,AmpharosMega Ampharos,11,14.0,610,90,95,105,165,110,45,2,0
197,182,Bellossom,1,,490,75,80,95,90,100,50,2,0
198,183,Marill,3,17.0,250,70,20,50,20,50,40,2,0
199,184,Azumarill,3,17.0,420,100,50,80,60,80,50,2,0
200,185,Sudowoodo,8,,410,70,100,115,30,65,30,2,0
201,186,Politoed,3,,500,90,75,75,90,100,70,2,0
202,187,Hoppip,1,5.0,250,35,35,40,35,55,50,2,0
203,188,Skiploom,1,5.0,340,55,45,50,45,65,80,2,0
204,189,Jumpluff,1,5.0,460,75,55,70,55,95,110,2,0
205,190,Aipom,0,,360,55,70,55,40,55,85,2,0
206,191,Sunkern,1,,180,30,30,30,30,30,30,2,0
207,192,Sunflora,1,,425,75,75,55,105,85,30,2,0
208,193,Yanma,9,5.0,390,65,65,45,75,45,95,2,0
209,194,Wooper,3,7.0,210,55,45,45,25,25,15,2,0
210,195,Quagsire,3,7.0,430,95,85,85,65,65,35,2,0
211,196,Espeon,12,,525,65,65,60,130,95,110,2,0
212,197,Umbreon,15,,525,95,65,110,60,130,65,2,0
213,198,Murkrow,15,5.0,405,60,85,42,85,42,91,2,0
214,199,Slowking,3,12.0,490,95,75,80,100,110,30,2,0
215,200,Misdreavus,10,,435,60,60,60,85,85,85,2,0
216,201,Unown,12,,336,48,72,48,72,48,48,2,0
217,202,Wobbuffet,12,,405,190,33,58,33,58,33,2,0
218,203,Girafarig,0,12.0,455,70,80,65,90,65,85,2,0
219,204,Pineco,9,,290,50,65,90,35,35,15,2,0
220,205,Forretress,9,16.0,465,75,90,140,60,60,40,2,0
221,206,Dunsparce,0,,415,100,70,70,65,65,45,2,0
222,207,Gligar,7,5.0,430,65,75,105,35,65,85,2,0
223,208,Steelix,16,7.0,510,75,85,200,55,65,30,2,0
224,208,SteelixMega Steelix,16,7.0,610,75,125,230,55,95,30,2,0
225,209,Snubbull,17,,300,60,80,50,40,40,30,2,0
226,210,Granbull,17,,450,90,120,75,60,60,45,2,0
227,211,Qwilfish,3,6.0,430,65,95,75,55,55,85,2,0
228,212,Scizor,9,16.0,500,70,130,100,55,80,65,2,0
229,212,ScizorMega Scizor,9,16.0,600,70,150,140,65,100,75,2,0
230,213,Shuckle,9,8.0,505,20,10,230,10,230,5,2,0
231,214,Heracross,9,4.0,500,80,125,75,40,95,85,2,0
232,214,HeracrossMega Heracross,9,4.0,600,80,185,115,40,105,75,2,0
233,215,Sneasel,15,13.0,430,55,95,55,35,75,115,2,0
234,216,Teddiursa,0,,330,60,80,50,50,50,40,2,0
235,217,Ursaring,0,,500,90,130,75,75,75,55,2,0
236,218,Slugma,2,,250,40,40,40,70,40,20,2,0
237,219,Magcargo,2,8.0,410,50,50,120,80,80,30,2,0
238,220,Swinub,13,7.0,250,50,50,40,30,30,50,2,0
239,221,Piloswine,13,7.0,450,100,100,80,60,60,50,2,0
240,222,Corsola,3,8.0,380,55,55,85,65,85,35,2,0
241,223,Remoraid,3,,300,35,65,35,65,35,65,2,0
242,224,Octillery,3,,480,75,105,75,105,75,45,2,0
243,225,Delibird,13,5.0,330,45,55,45,65,45,75,2,0
244,226,Mantine,3,5.0,465,65,40,70,80,140,70,2,0
245,227,Skarmory,16,5.0,465,65,80,140,40,70,70,2,0
246,228,Houndour,15,2.0,330,45,60,30,80,50,65,2,0
247,229,Houndoom,15,2.0,500,75,90,50,110,80,95,2,0
248,229,HoundoomMega Houndoom,15,2.0,600,75,90,90,140,90,115,2,0
249,230,Kingdra,3,14.0,540,75,95,95,95,95,85,2,0
250,231,Phanpy,7,,330,90,60,60,40,40,40,2,0
251,232,Donphan,7,,500,90,120,120,60,60,50,2,0
252,233,Porygon2,0,,515,85,80,90,105,95,60,2,0
253,234,Stantler,0,,465,73,95,62,85,65,85,2,0
254,235,Smeargle,0,,250,55,20,35,20,45,75,2,0
255,236,Tyrogue,4,,210,35,35,35,35,35,35,2,0
256,237,Hitmontop,4,,455,50,95,95,35,110,70,2,0
257,238,Smoochum,13,12.0,305,45,30,15,85,65,65,2,0
258,239,Elekid,11,,360,45,63,37,65,55,95,2,0
259,240,Magby,2,,365,45,75,37,70,55,83,2,0
260,241,Miltank,0,,490,95,80,105,40,70,100,2,0
261,242,Blissey,0,,540,255,10,10,75,135,55,2,0
262,243,Raikou,11,,580,90,85,75,115,100,115,2,1
263,244,Entei,2,,580,115,115,85,90,75,100,2,1
264,245,Suicune,3,,580,100,75,115,90,115,85,2,1
265,246,Larvitar,8,7.0,300,50,64,50,45,50,41,2,0
266,247,Pupitar,8,7.0,410,70,84,70,65,70,51,2,0
267,248,Tyranitar,8,15.0,600,100,134,110,95,100,61,2,0
268,248,TyranitarMega Tyranitar,8,15.0,700,100,164,150,95,120,71,2,0
269,249,Lugia,12,5.0,680,106,90,130,90,154,110,2,1
270,250,Ho-oh,2,5.0,680,106,130,90,110,154,90,2,1
271,251,Celebi,12,1.0,600,100,100,100,100,100,100,2,0
272,252,Treecko,1,,310,40,45,35,65,55,70,3,0
273,253,Grovyle,1,,405,50,65,45,85,65,95,3,0
274,254,Sceptile,1,,530,70,85,65,105,85,120,3,0
275,254,SceptileMega Sceptile,1,14.0,630,70,110,75,145,85,145,3,0
276,255,Torchic,2,,310,45,60,40,70,50,45,3,0
277,256,Combusken,2,4.0,405,60,85,60,85,60,55,3,0
278,257,Blaziken,2,4.0,530,80,120,70,110,70,80,3,0
279,257,BlazikenMega Blaziken,2,4.0,630,80,160,80,130,80,100,3,0
280,258,Mudkip,3,,310,50,70,50,50,50,40,3,0
281,259,Marshtomp,3,7.0,405,70,85,70,60,70,50,3,0
282,260,Swampert,3,7.0,535,100,110,90,85,90,60,3,0
283,260,SwampertMega Swampert,3,7.0,635,100,150,110,95,110,70,3,0
284,261,Poochyena,15,,220,35,55,35,30,30,35,3,0
285,262,Mightyena,15,,420,70,90,70,60,60,70,3,0
286,263,Zigzagoon,0,,240,38,30,41,30,41,60,3,0
287,264,Linoone,0,,420,78,70,61,50,61,100,3,0
288,265,Wurmple,9,,195,45,45,35,20,30,20,3,0
289,266,Silcoon,9,,205,50,35,55,25,25,15,3,0
290,267,Beautifly,9,5.0,395,60,70,50,100,50,65,3,0
291,268,Cascoon,9,,205,50,35,55,25,25,15,3,0
292,269,Dustox,9,6.0,385,60,50,70,50,90,65,3,0
293,270,Lotad,3,1.0,220,40,30,30,40,50,30,3,0
294,271,Lombre,3,1.0,340,60,50,50,60,70,50,3,0
295,272,Ludicolo,3,1.0,480,80,70,70,90,100,70,3,0
296,273,Seedot,1,,220,40,40,50,30,30,30,3,0
297,274,Nuzleaf,1,15.0,340,70,70,40,60,40,60,3,0
298,275,Shiftry,1,15.0,480,90,100,60,90,60,80,3,0
299,276,Taillow,0,5.0,270,40,55,30,30,30,85,3,0
300,277,Swellow,0,5.0,430,60,85,60,50,50,125,3,0
301,278,Wingull,3,5.0,270,40,30,30,55,30,85,3,0
302,279,Pelipper,3,5.0,430,60,50,100,85,70,65,3,0
303,280,Ralts,12,17.0,198,28,25,25,45,35,40,3,0
304,281,Kirlia,12,17.0,278,38,35,35,65,55,50,3,0
305,282,Gardevoir,12,17.0,518,68,65,65,125,115,80,3,0
306,282,GardevoirMega Gardevoir,12,17.0,618,68,85,65,165,135,100,3,0
307,283,Surskit,9,3.0,269,40,30,32,50,52,65,3,0
308,284,Masquerain,9,5.0,414,70,60,62,80,82,60,3,0
309,285,Shroomish,1,,295,60,40,60,40,60,35,3,0
310,286,Breloom,1,4.0,460,60,130,80,60,60,70,3,0
311,287,Slakoth,0,,280,60,60,60,35,35,30,3,0
312,288,Vigoroth,0,,440,80,80,80,55,55,90,3,0
313,289,Slaking,0,,670,150,160,100,95,65,100,3,0
314,290,Nincada,9,7.0,266,31,45,90,30,30,40,3,0
315,291,Ninjask,9,5.0,456,61,90,45,50,50,160,3,0
316,292,Shedinja,9,10.0,236,1,90,45,30,30,40,3,0
317,293,Whismur,0,,240,64,51,23,51,23,28,3,0
318,294,Loudred,0,,360,84,71,43,71,43,48,3,0
319,295,Exploud,0,,490,104,91,63,91,73,68,3,0
320,296,Makuhita,4,,237,72,60,30,20,30,25,3,0
321,297,Hariyama,4,,474,144,120,60,40,60,50,3,0
322,298,Azurill,0,17.0,190,50,20,40,20,40,20,3,0
323,299,Nosepass,8,,375,30,45,135,45,90,30,3,0
324,300,Skitty,0,,260,50,45,45,35,35,50,3,0
325,301,Delcatty,0,,380,70,65,65,55,55,70,3,0
326,302,Sableye,15,10.0,380,50,75,75,65,65,50,3,0
327,302,SableyeMega Sableye,15,10.0,480,50,85,125,85,115,20,3,0
328,303,Mawile,16,17.0,380,50,85,85,55,55,50,3,0
329,303,MawileMega Mawile,16,17.0,480,50,105,125,55,95,50,3,0
330,304,Aron,16,8.0,330,50,70,100,40,40,30,3,0
331,305,Lairon,16,8.0,430,60,90,140,50,50,40,3,0
332,306,Aggron,16,8.0,530,70,110,180,60,60,50,3,0
333,306,AggronMega Aggron,16,,630,70,140,230,60,80,50,3,0
334,307,Meditite,4,12.0,280,30,40,55,40,55,60,3,0
335,308,Medicham,4,12.0,410,60,60,75,60,75,80,3,0
336,308,MedichamMega Medicham,4,12.0,510,60,100,85,80,85,100,3,0
337,309,Electrike,11,,295,40,45,40,65,40,65,3,0
338,310,Manectric,11,,475,70,75,60,105,60,105,3,0
339,310,ManectricMega Manectric,11,,575,70,75,80,135,80,135,3,0
340,311,Plusle,11,,405,60,50,40,85,75,95,3,0
341,312,Minun,11,,405,60,40,50,75,85,95,3,0
342,313,Volbeat,9,,400,65,73,55,47,75,85,3,0
343,314,Illumise,9,,400,65,47,55,73,75,85,3,0
344,315,Roselia,1,6.0,400,50,60,45,100,80,65,3,0
345,316,Gulpin,6,,302,70,43,53,43,53,40,3,0
346,317,Swalot,6,,467,100,73,83,73,83,55,3,0
347,318,Carvanha,3,15.0,305,45,90,20,65,20,65,3,0
348,319,Sharpedo,3,15.0,460,70,120,40,95,40,95,3,0
349,319,SharpedoMega Sharpedo,3,15.0,560,70,140,70,110,65,105,3,0
350,320,Wailmer,3,,400,130,70,35,70,35,60,3,0
351,321,Wailord,3,,500,170,90,45,90,45,60,3,0
352,322,Numel,2,7.0,305,60,60,40,65,45,35,3,0
353,323,Camerupt,2,7.0,460,70,100,70,105,75,40,3,0
354,323,CameruptMega Camerupt,2,7.0,560,70,120,100,145,105,20,3,0
355,324,Torkoal,2,,470,70,85,140,85,70,20,3,0
356,325,Spoink,12,,330,60,25,35,70,80,60,3,0
357,326,Grumpig,12,,470,80,45,65,90,110,80,3,0
358,327,Spinda,0,,360,60,60,60,60,60,60,3,0
359,328,Trapinch,7,,290,45,100,45,45,45,10,3,0
360,329,Vibrava,7,14.0,340,50,70,50,50,50,70,3,0
361,330,Flygon,7,14.0,520,80,100,80,80,80,100,3,0
362,331,Cacnea,1,,335,50,85,40,85,40,35,3,0
363,332,Cacturne,1,15.0,475,70,115,60,115,60,55,3,0
364,333,Swablu,0,5.0,310,45,40,60,40,75,50,3,0
365,334,Altaria,14,5.0,490,75,70,90,70,105,80,3,0
366,334,AltariaMega Altaria,14,17.0,590,75,110,110,110,105,80,3,0
367,335,Zangoose,0,,458,73,115,60,60,60,90,3,0
368,336,Seviper,6,,458,73,100,60,100,60,65,3,0
369,337,Lunatone,8,12.0,440,70,55,65,95,85,70,3,0
370,338,Solrock,8,12.0,440,70,95,85,55,65,70,3,0
371,339,Barboach,3,7.0,288,50,48,43,46,41,60,3,0
372,340,Whiscash,3,7.0,468,110,78,73,76,71,60,3,0
373,341,Corphish,3,,308,43,80,65,50,35,35,3,0
374,342,Crawdaunt,3,15.0,468,63,120,85,90,55,55,3,0
375,343,Baltoy,7,12.0,300,40,40,55,40,70,55,3,0
376,344,Claydol,7,12.0,500,60,70,105,70,120,75,3,0
377,345,Lileep,8,1.0,355,66,41,77,61,87,23,3,0
378,346,Cradily,8,1.0,495,86,81,97,81,107,43,3,0
379,347,Anorith,8,9.0,355,45,95,50,40,50,75,3,0
380,348,Armaldo,8,9.0,495,75,125,100,70,80,45,3,0
381,349,Feebas,3,,200,20,15,20,10,55,80,3,0
382,350,Milotic,3,,540,95,60,79,100,125,81,3,0
383,351,Castform,0,,420,70,70,70,70,70,70,3,0
384,352,Kecleon,0,,440,60,90,70,60,120,40,3,0
385,353,Shuppet,10,,295,44,75,35,63,33,45,3,0
386,354,Banette,10,,455,64,115,65,83,63,65,3,0
387,354,BanetteMega Banette,10,,555,64,165,75,93,83,75,3,0
388,355,Duskull,10,,295,20,40,90,30,90,25,3,0
389,356,Dusclops,10,,455,40,70,130,60,130,25,3,0
390,357,Tropius,1,5.0,460,99,68,83,72,87,51,3,0
391,358,Chimecho,12,,425,65,50,70,95,80,65,3,0
392,359,Absol,15,,465,65,130,60,75,60,75,3,0
393,359,AbsolMega Absol,15,,565,65,150,60,115,60,115,3,0
394,360,Wynaut,12,,260,95,23,48,23,48,23,3,0
395,361,Snorunt,13,,300,50,50,50,50,50,50,3,0
396,362,Glalie,13,,480,80,80,80,80,80,80,3,0
397,362,GlalieMega Glalie,13,,580,80,120,80,120,80,100,3,0
398,363,Spheal,13,3.0,290,70,40,50,55,50,25,3,0
399,364,Sealeo,13,3.0,410,90,60,70,75,70,45,3,0
400,365,Walrein,13,3.0,530,110,80,90,95,90,65,3,0
401,366,Clamperl,3,,345,35,64,85,74,55,32,3,0
402,367,Huntail,3,,485,55,104,105,94,75,52,3,0
403,368,Gorebyss,3,,485,55,84,105,114,75,52,3,0
404,369,Relicanth,3,8.0,485,100,90,130,45,65,55,3,0
405,370,Luvdisc,3,,330,43,30,55,40,65,97,3,0
406,371,Bagon,14,,300,45,75,60,40,30,50,3,0
407,372,Shelgon,14,,420,65,95,100,60,50,50,3,0
408,373,Salamence,14,5.0,600,95,135,80,110,80,100,3,0
409,373,SalamenceMega Salamence,14,5.0,700,95,145,130,120,90,120,3,0
410,374,Beldum,16,12.0,300,40,55,80,35,60,30,3,0
411,375,Metang,16,12.0,420,60,75,100,55,80,50,3,0
412,376,Metagross,16,12.0,600,80,135,130,95,90,70,3,0
413,376,MetagrossMega Metagross,16,12.0,700,80,145,150,105,110,110,3,0
414,377,Regirock,8,,580,80,100,200,50,100,50,3,1
415,378,Regice,13,,580,80,50,100,100,200,50,3,1
416,379,Registeel,16,,580,80,75,150,75,150,50,3,1
417,380,Latias,14,12.0,600,80,80,90,110,130,110,3,1
418,380,LatiasMega Latias,14,12.0,700,80,100,120,140,150,110,3,1
419,381,Latios,14,12.0,600,80,90,80,130,110,110,3,1
420,381,LatiosMega Latios,14,12.0,700,80,130,100,160,120,110,3,1
421,382,Kyogre,3,,670,100,100,90,150,140,90,3,1
422,382,KyogrePrimal Kyogre,3,,770,100,150,90,180,160,90,3,1
423,383,Groudon,7,,670,100,150,140,100,90,90,3,1
424,383,GroudonPrimal Groudon,7,2.0,770,100,180,160,150,90,90,3,1
425,384,Rayquaza,14,5.0,680,105,150,90,150,90,95,3,1
426,384,RayquazaMega Rayquaza,14,5.0,780,105,180,100,180,100,115,3,1
427,385,Jirachi,16,12.0,600,100,100,100,100,100,100,3,1
428,386,DeoxysNormal Forme,12,,600,50,150,50,150,50,150,3,1
429,386,DeoxysAttack Forme,12,,600,50,180,20,180,20,150,3,1
430,386,DeoxysDefense Forme,12,,600,50,70,160,70,160,90,3,1
431,386,DeoxysSpeed Forme,12,,600,50,95,90,95,90,180,3,1
432,387,Turtwig,1,,318,55,68,64,45,55,31,4,0
433,388,Grotle,1,,405,75,89,85,55,65,36,4,0
434,389,Torterra,1,7.0,525,95,109,105,75,85,56,4,0
435,390,Chimchar,2,,309,44,58,44,58,44,61,4,0
436,391,Monferno,2,4.0,405,64,78,52,78,52,81,4,0
437,392,Infernape,2,4.0,534,76,104,71,104,71,108,4,0
438,393,Piplup,3,,314,53,51,53,61,56,40,4,0
439,394,Prinplup,3,,405,64,66,68,81,76,50,4,0
440,395,Empoleon,3,16.0,530,84,86,88,111,101,60,4,0
441,396,Starly,0,5.0,245,40,55,30,30,30,60,4,0
442,397,Staravia,0,5.0,340,55,75,50,40,40,80,4,0
443,398,Staraptor,0,5.0,485,85,120,70,50,60,100,4,0
444,399,Bidoof,0,,250,59,45,40,35,40,31,4,0
445,400,Bibarel,0,3.0,410,79,85,60,55,60,71,4,0
446,401,Kricketot,9,,194,37,25,41,25,41,25,4,0
447,402,Kricketune,9,,384,77,85,51,55,51,65,4,0
448,403,Shinx,11,,263,45,65,34,40,34,45,4,0
449,404,Luxio,11,,363,60,85,49,60,49,60,4,0
450,405,Luxray,11,,523,80,120,79,95,79,70,4,0
451,406,Budew,1,6.0,280,40,30,35,50,70,55,4,0
452,407,Roserade,1,6.0,515,60,70,65,125,105,90,4,0
453,408,Cranidos,8,,350,67,125,40,30,30,58,4,0
454,409,Rampardos,8,,495,97,165,60,65,50,58,4,0
455,410,Shieldon,8,16.0,350,30,42,118,42,88,30,4,0
456,411,Bastiodon,8,16.0,495,60,52,168,47,138,30,4,0
457,412,Burmy,9,,224,40,29,45,29,45,36,4,0
458,413,WormadamPlant Cloak,9,1.0,424,60,59,85,79,105,36,4,0
459,413,WormadamSandy Cloak,9,7.0,424,60,79,105,59,85,36,4,0
460,413,WormadamTrash Cloak,9,16.0,424,60,69,95,69,95,36,4,0
461,414,Mothim,9,5.0,424,70,94,50,94,50,66,4,0
462,415,Combee,9,5.0,244,30,30,42,30,42,70,4,0
463,416,Vespiquen,9,5.0,474,70,80,102,80,102,40,4,0
464,417,Pachirisu,11,,405,60,45,70,45,90,95,4,0
465,418,Buizel,3,,330,55,65,35,60,30,85,4,0
466,419,Floatzel,3,,495,85,105,55,85,50,115,4,0
467,420,Cherubi,1,,275,45,35,45,62,53,35,4,0
468,421,Cherrim,1,,450,70,60,70,87,78,85,4,0
469,422,Shellos,3,,325,76,48,48,57,62,34,4,0
470,423,Gastrodon,3,7.0,475,111,83,68,92,82,39,4,0
471,424,Ambipom,0,,482,75,100,66,60,66,115,4,0
472,425,Drifloon,10,5.0,348,90,50,34,60,44,70,4,0
473,426,Drifblim,10,5.0,498,150,80,44,90,54,80,4,0
474,427,Buneary,0,,350,55,66,44,44,56,85,4,0
475,428,Lopunny,0,,480,65,76,84,54,96,105,4,0
476,428,LopunnyMega Lopunny,0,4.0,580,65,136,94,54,96,135,4,0
477,429,Mismagius,10,,495,60,60,60,105,105,105,4,0
478,430,Honchkrow,15,5.0,505,100,125,52,105,52,71,4,0
479,431,Glameow,0,,310,49,55,42,42,37,85,4,0
480,432,Purugly,0,,452,71,82,64,64,59,112,4,0
481,433,Chingling,12,,285,45,30,50,65,50,45,4,0
482,434,Stunky,6,15.0,329,63,63,47,41,41,74,4,0
483,435,Skuntank,6,15.0,479,103,93,67,71,61,84,4,0
484,436,Bronzor,16,12.0,300,57,24,86,24,86,23,4,0
485,437,Bronzong,16,12.0,500,67,89,116,79,116,33,4,0
486,438,Bonsly,8,,290,50,80,95,10,45,10,4,0
487,439,Mime Jr.,12,17.0,310,20,25,45,70,90,60,4,0
488,440,Happiny,0,,220,100,5,5,15,65,30,4,0
489,441,Chatot,0,5.0,411,76,65,45,92,42,91,4,0
490,442,Spiritomb,10,15.0,485,50,92,108,92,108,35,4,0
491,443,Gible,14,7.0,300,58,70,45,40,45,42,4,0
492,444,Gabite,14,7.0,410,68,90,65,50,55,82,4,0
493,445,Garchomp,14,7.0,600,108,130,95,80,85,102,4,0
494,445,GarchompMega Garchomp,14,7.0,700,108,170,115,120,95,92,4,0
495,446,Munchlax,0,,390,135,85,40,40,85,5,4,0
496,447,Riolu,4,,285,40,70,40,35,40,60,4,0
497,448,Lucario,4,16.0,525,70,110,70,115,70,90,4,0
498,448,LucarioMega Lucario,4,16.0,625,70,145,88,140,70,112,4,0
499,449,Hippopotas,7,,330,68,72,78,38,42,32,4,0
500,450,Hippowdon,7,,525,108,112,118,68,72,47,4,0
501,451,Skorupi,6,9.0,330,40,50,90,30,55,65,4,0
502,452,Drapion,6,15.0,500,70,90,110,60,75,95,4,0
503,453,Croagunk,6,4.0,300,48,61,40,61,40,50,4,0
504,454,Toxicroak,6,4.0,490,83,106,65,86,65,85,4,0
505,455,Carnivine,1,,454,74,100,72,90,72,46,4,0
506,456,Finneon,3,,330,49,49,56,49,61,66,4,0
507,457,Lumineon,3,,460,69,69,76,69,86,91,4,0
508,458,Mantyke,3,5.0,345,45,20,50,60,120,50,4,0
509,459,Snover,1,13.0,334,60,62,50,62,60,40,4,0
510,460,Abomasnow,1,13.0,494,90,92,75,92,85,60,4,0
511,460,AbomasnowMega Abomasnow,1,13.0,594,90,132,105,132,105,30,4,0
512,461,Weavile,15,13.0,510,70,120,65,45,85,125,4,0
513,462,Magnezone,11,16.0,535,70,70,115,130,90,60,4,0
514,463,Lickilicky,0,,515,110,85,95,80,95,50,4,0
515,464,Rhyperior,7,8.0,535,115,140,130,55,55,40,4,0
516,465,Tangrowth,1,,535,100,100,125,110,50,50,4,0
517,466,Electivire,11,,540,75,123,67,95,85,95,4,0
518,467,Magmortar,2,,540,75,95,67,125,95,83,4,0
519,468,Togekiss,17,5.0,545,85,50,95,120,115,80,4,0
520,469,Yanmega,9,5.0,515,86,76,86,116,56,95,4,0
521,470,Leafeon,1,,525,65,110,130,60,65,95,4,0
522,471,Glaceon,13,,525,65,60,110,130,95,65,4,0
523,472,Gliscor,7,5.0,510,75,95,125,45,75,95,4,0
524,473,Mamoswine,13,7.0,530,110,130,80,70,60,80,4,0
525,474,Porygon-Z,0,,535,85,80,70,135,75,90,4,0
526,475,Gallade,12,4.0,518,68,125,65,65,115,80,4,0
527,475,GalladeMega Gallade,12,4.0,618,68,165,95,65,115,110,4,0
528,476,Probopass,8,16.0,525,60,55,145,75,150,40,4,0
529,477,Dusknoir,10,,525,45,100,135,65,135,45,4,0
530,478,Froslass,13,10.0,480,70,80,70,80,70,110,4,0
531,479,Rotom,11,10.0,440,50,50,77,95,77,91,4,0
532,479,RotomHeat Rotom,11,2.0,520,50,65,107,105,107,86,4,0
533,479,RotomWash Rotom,11,3.0,520,50,65,107,105,107,86,4,0
534,479,RotomFrost Rotom,11,13.0,520,50,65,107,105,107,86,4,0
535,479,RotomFan Rotom,11,5.0,520,50,65,107,105,107,86,4,0
536,479,RotomMow Rotom,11,1.0,520,50,65,107,105,107,86,4,0
537,480,Uxie,12,,580,75,75,130,75,130,95,4,1
538,481,Mesprit,12,,580,80,105,105,105,105,80,4,1
539,482,Azelf,12,,580,75,125,70,125,70,115,4,1
540,483,Dialga,16,14.0,680,100,120,120,150,100,90,4,1
541,484,Palkia,3,14.0,680,90,120,100,150,120,100,4,1
542,485,Heatran,2,16.0,600,91,90,106,130,106,77,4,1
543,486,Regigigas,0,,670,110,160,110,80,110,100,4,1
544,487,GiratinaAltered Forme,10,14.0,680,150,100,120,100,120,90,4,1
545,487,GiratinaOrigin Forme,10,14.0,680,150,120,100,120,100,90,4,1
546,488,Cresselia,12,,600,120,70,120,75,130,85,4,0
547,489,Phione,3,,480,80,80,80,80,80,80,4,0
548,490,Manaphy,3,,600,100,100,100,100,100,100,4,0
549,491,Darkrai,15,,600,70,90,90,135,90,125,4,1
550,492,ShayminLand Forme,1,,600,100,100,100,100,100,100,4,1
551,492,ShayminSky Forme,1,5.0,600,100,103,75,120,75,127,4,1
552,493,Arceus,0,,720,120,120,120,120,120,120,4,1
553,494,Victini,12,2.0,600,100,100,100,100,100,100,5,1
554,495,Snivy,1,,308,45,45,55,45,55,63,5,0
555,496,Servine,1,,413,60,60,75,60,75,83,5,0
556,497,Serperior,1,,528,75,75,95,75,95,113,5,0
557,498,Tepig,2,,308,65,63,45,45,45,45,5,0
558,499,Pignite,2,4.0,418,90,93,55,70,55,55,5,0
559,500,Emboar,2,4.0,528,110,123,65,100,65,65,5,0
560,501,Oshawott,3,,308,55,55,45,63,45,45,5,0
561,502,Dewott,3,,413,75,75,60,83,60,60,5,0
562,503,Samurott,3,,528,95,100,85,108,70,70,5,0
563,504,Patrat,0,,255,45,55,39,35,39,42,5,0
564,505,Watchog,0,,420,60,85,69,60,69,77,5,0
565,506,Lillipup,0,,275,45,60,45,25,45,55,5,0
566,507,Herdier,0,,370,65,80,65,35,65,60,5,0
567,508,Stoutland,0,,500,85,110,90,45,90,80,5,0
568,509,Purrloin,15,,281,41,50,37,50,37,66,5,0
569,510,Liepard,15,,446,64,88,50,88,50,106,5,0
570,511,Pansage,1,,316,50,53,48,53,48,64,5,0
571,512,Simisage,1,,498,75,98,63,98,63,101,5,0
572,513,Pansear,2,,316,50,53,48,53,48,64,5,0
573,514,Simisear,2,,498,75,98,63,98,63,101,5,0
574,515,Panpour,3,,316,50,53,48,53,48,64,5,0
575,516,Simipour,3,,498,75,98,63,98,63,101,5,0
576,517,Munna,12,,292,76,25,45,67,55,24,5,0
577,518,Musharna,12,,487,116,55,85,107,95,29,5,0
578,519,Pidove,0,5.0,264,50,55,50,36,30,43,5,0
579,520,Tranquill,0,5.0,358,62,77,62,50,42,65,5,0
580,521,Unfezant,0,5.0,488,80,115,80,65,55,93,5,0
581,522,Blitzle,11,,295,45,60,32,50,32,76,5,0
582,523,Zebstrika,11,,497,75,100,63,80,63,116,5,0
583,524,Roggenrola,8,,280,55,75,85,25,25,15,5,0
584,525,Boldore,8,,390,70,105,105,50,40,20,5,0
585,526,Gigalith,8,,515,85,135,130,60,80,25,5,0
586,527,Woobat,12,5.0,313,55,45,43,55,43,72,5,0
587,528,Swoobat,12,5.0,425,67,57,55,77,55,114,5,0
588,529,Drilbur,7,,328,60,85,40,30,45,68,5,0
589,530,Excadrill,7,16.0,508,110,135,60,50,65,88,5,0
590,531,Audino,0,,445,103,60,86,60,86,50,5,0
591,531,AudinoMega Audino,0,17.0,545,103,60,126,80,126,50,5,0
592,532,Timburr,4,,305,75,80,55,25,35,35,5,0
593,533,Gurdurr,4,,405,85,105,85,40,50,40,5,0
594,534,Conkeldurr,4,,505,105,140,95,55,65,45,5,0
595,535,Tympole,3,,294,50,50,40,50,40,64,5,0
596,536,Palpitoad,3,7.0,384,75,65,55,65,55,69,5,0
597,537,Seismitoad,3,7.0,509,105,95,75,85,75,74,5,0
598,538,Throh,4,,465,120,100,85,30,85,45,5,0
599,539,Sawk,4,,465,75,125,75,30,75,85,5,0
600,540,Sewaddle,9,1.0,310,45,53,70,40,60,42,5,0
601,541,Swadloon,9,1.0,380,55,63,90,50,80,42,5,0
602,542,Leavanny,9,1.0,500,75,103,80,70,80,92,5,0
603,543,Venipede,9,6.0,260,30,45,59,30,39,57,5,0
604,544,Whirlipede,9,6.0,360,40,55,99,40,79,47,5,0
605,545,Scolipede,9,6.0,485,60,100,89,55,69,112,5,0
606,546,Cottonee,1,17.0,280,40,27,60,37,50,66,5,0
607,547,Whimsicott,1,17.0,480,60,67,85,77,75,116,5,0
608,548,Petilil,1,,280,45,35,50,70,50,30,5,0
609,549,Lilligant,1,,480,70,60,75,110,75,90,5,0
610,550,Basculin,3,,460,70,92,65,80,55,98,5,0
611,551,Sandile,7,15.0,292,50,72,35,35,35,65,5,0
612,552,Krokorok,7,15.0,351,60,82,45,45,45,74,5,0
613,553,Krookodile,7,15.0,519,95,117,80,65,70,92,5,0
614,554,Darumaka,2,,315,70,90,45,15,45,50,5,0
615,555,DarmanitanStandard Mode,2,,480,105,140,55,30,55,95,5,0
616,555,DarmanitanZen Mode,2,12.0,540,105,30,105,140,105,55,5,0
617,556,Maractus,1,,461,75,86,67,106,67,60,5,0
618,557,Dwebble,9,8.0,325,50,65,85,35,35,55,5,0
619,558,Crustle,9,8.0,475,70,95,125,65,75,45,5,0
620,559,Scraggy,15,4.0,348,50,75,70,35,70,48,5,0
621,560,Scrafty,15,4.0,488,65,90,115,45,115,58,5,0
622,561,Sigilyph,12,5.0,490,72,58,80,103,80,97,5,0
623,562,Yamask,10,,303,38,30,85,55,65,30,5,0
624,563,Cofagrigus,10,,483,58,50,145,95,105,30,5,0
625,564,Tirtouga,3,8.0,355,54,78,103,53,45,22,5,0
626,565,Carracosta,3,8.0,495,74,108,133,83,65,32,5,0
627,566,Archen,8,5.0,401,55,112,45,74,45,70,5,0
628,567,Archeops,8,5.0,567,75,140,65,112,65,110,5,0
629,568,Trubbish,6,,329,50,50,62,40,62,65,5,0
630,569,Garbodor,6,,474,80,95,82,60,82,75,5,0
631,570,Zorua,15,,330,40,65,40,80,40,65,5,0
632,571,Zoroark,15,,510,60,105,60,120,60,105,5,0
633,572,Minccino,0,,300,55,50,40,40,40,75,5,0
634,573,Cinccino,0,,470,75,95,60,65,60,115,5,0
635,574,Gothita,12,,290,45,30,50,55,65,45,5,0
636,575,Gothorita,12,,390,60,45,70,75,85,55,5,0
637,576,Gothitelle,12,,490,70,55,95,95,110,65,5,0
638,577,Solosis,12,,290,45,30,40,105,50,20,5,0
639,578,Duosion,12,,370,65,40,50,125,60,30,5,0
640,579,Reuniclus,12,,490,110,65,75,125,85,30,5,0
641,580,Ducklett,3,5.0,305,62,44,50,44,50,55,5,0
642,581,Swanna,3,5.0,473,75,87,63,87,63,98,5,0
643,582,Vanillite,13,,305,36,50,50,65,60,44,5,0
644,583,Vanillish,13,,395,51,65,65,80,75,59,5,0
645,584,Vanilluxe,13,,535,71,95,85,110,95,79,5,0
646,585,Deerling,0,1.0,335,60,60,50,40,50,75,5,0
647,586,Sawsbuck,0,1.0,475,80,100,70,60,70,95,5,0
648,587,Emolga,11,5.0,428,55,75,60,75,60,103,5,0
649,588,Karrablast,9,,315,50,75,45,40,45,60,5,0
650,589,Escavalier,9,16.0,495,70,135,105,60,105,20,5,0
651,590,Foongus,1,6.0,294,69,55,45,55,55,15,5,0
652,591,Amoonguss,1,6.0,464,114,85,70,85,80,30,5,0
653,592,Frillish,3,10.0,335,55,40,50,65,85,40,5,0
654,593,Jellicent,3,10.0,480,100,60,70,85,105,60,5,0
655,594,Alomomola,3,,470,165,75,80,40,45,65,5,0
656,595,Joltik,9,11.0,319,50,47,50,57,50,65,5,0
657,596,Galvantula,9,11.0,472,70,77,60,97,60,108,5,0
658,597,Ferroseed,1,16.0,305,44,50,91,24,86,10,5,0
659,598,Ferrothorn,1,16.0,489,74,94,131,54,116,20,5,0
660,599,Klink,16,,300,40,55,70,45,60,30,5,0
661,600,Klang,16,,440,60,80,95,70,85,50,5,0
662,601,Klinklang,16,,520,60,100,115,70,85,90,5,0
663,602,Tynamo,11,,275,35,55,40,45,40,60,5,0
664,603,Eelektrik,11,,405,65,85,70,75,70,40,5,0
665,604,Eelektross,11,,515,85,115,80,105,80,50,5,0
666,605,Elgyem,12,,335,55,55,55,85,55,30,5,0
667,606,Beheeyem,12,,485,75,75,75,125,95,40,5,0
668,607,Litwick,10,2.0,275,50,30,55,65,55,20,5,0
669,608,Lampent,10,2.0,370,60,40,60,95,60,55,5,0
670,609,Chandelure,10,2.0,520,60,55,90,145,90,80,5,0
671,610,Axew,14,,320,46,87,60,30,40,57,5,0
672,611,Fraxure,14,,410,66,117,70,40,50,67,5,0
673,612,Haxorus,14,,540,76,147,90,60,70,97,5,0
674,613,Cubchoo,13,,305,55,70,40,60,40,40,5,0
675,614,Beartic,13,,485,95,110,80,70,80,50,5,0
676,615,Cryogonal,13,,485,70,50,30,95,135,105,5,0
677,616,Shelmet,9,,305,50,40,85,40,65,25,5,0
678,617,Accelgor,9,,495,80,70,40,100,60,145,5,0
679,618,Stunfisk,7,11.0,471,109,66,84,81,99,32,5,0
680,619,Mienfoo,4,,350,45,85,50,55,50,65,5,0
681,620,Mienshao,4,,510,65,125,60,95,60,105,5,0
682,621,Druddigon,14,,485,77,120,90,60,90,48,5,0
683,622,Golett,7,10.0,303,59,74,50,35,50,35,5,0
684,623,Golurk,7,10.0,483,89,124,80,55,80,55,5,0
685,624,Pawniard,15,16.0,340,45,85,70,40,40,60,5,0
686,625,Bisharp,15,16.0,490,65,125,100,60,70,70,5,0
687,626,Bouffalant,0,,490,95,110,95,40,95,55,5,0
688,627,Rufflet,0,5.0,350,70,83,50,37,50,60,5,0
689,628,Braviary,0,5.0,510,100,123,75,57,75,80,5,0
690,629,Vullaby,15,5.0,370,70,55,75,45,65,60,5,0
691,630,Mandibuzz,15,5.0,510,110,65,105,55,95,80,5,0
692,631,Heatmor,2,,484,85,97,66,105,66,65,5,0
693,632,Durant,9,16.0,484,58,109,112,48,48,109,5,0
694,633,Deino,15,14.0,300,52,65,50,45,50,38,5,0
695,634,Zweilous,15,14.0,420,72,85,70,65,70,58,5,0
696,635,Hydreigon,15,14.0,600,92,105,90,125,90,98,5,0
697,636,Larvesta,9,2.0,360,55,85,55,50,55,60,5,0
698,637,Volcarona,9,2.0,550,85,60,65,135,105,100,5,0
699,638,Cobalion,16,4.0,580,91,90,129,90,72,108,5,1
700,639,Terrakion,8,4.0,580,91,129,90,72,90,108,5,1
701,640,Virizion,1,4.0,580,91,90,72,90,129,108,5,1
702,641,TornadusIncarnate Forme,5,,580,79,115,70,125,80,111,5,1
703,641,TornadusTherian Forme,5,,580,79,100,80,110,90,121,5,1
704,642,ThundurusIncarnate Forme,11,5.0,580,79,115,70,125,80,111,5,1
705,642,ThundurusTherian Forme,11,5.0,580,79,105,70,145,80,101,5,1
706,643,Reshiram,14,2.0,680,100,120,100,150,120,90,5,1
707,644,Zekrom,14,11.0,680,100,150,120,120,100,90,5,1
708,645,LandorusIncarnate Forme,7,5.0,600,89,125,90,115,80,101,5,1
709,645,LandorusTherian Forme,7,5.0,600,89,145,90,105,80,91,5,1
710,646,Kyurem,14,13.0,660,125,130,90,130,90,95,5,1
711,646,KyuremBlack Kyurem,14,13.0,700,125,170,100,120,90,95,5,1
712,646,KyuremWhite Kyurem,14,13.0,700,125,120,90,170,100,95,5,1
713,647,KeldeoOrdinary Forme,3,4.0,580,91,72,90,129,90,108,5,0
714,647,KeldeoResolute Forme,3,4.0,580,91,72,90,129,90,108,5,0
715,648,MeloettaAria Forme,0,12.0,600,100,77,77,128,128,90,5,0
716,648,MeloettaPirouette Forme,0,4.0,600,100,128,90,77,77,128,5,0
717,649,Genesect,9,16.0,600,71,120,95,120,95,99,5,0
718,650,Chespin,1,,313,56,61,65,48,45,38,6,0
719,651,Quilladin,1,,405,61,78,95,56,58,57,6,0
720,652,Chesnaught,1,4.0,530,88,107,122,74,75,64,6,0
721,653,Fennekin,2,,307,40,45,40,62,60,60,6,0
722,654,Braixen,2,,409,59,59,58,90,70,73,6,0
723,655,Delphox,2,12.0,534,75,69,72,114,100,104,6,0
724,656,Froakie,3,,314,41,56,40,62,44,71,6,0
725,657,Frogadier,3,,405,54,63,52,83,56,97,6,0
726,658,Greninja,3,15.0,530,72,95,67,103,71,122,6,0
727,659,Bunnelby,0,,237,38,36,38,32,36,57,6,0
728,660,Diggersby,0,7.0,423,85,56,77,50,77,78,6,0
729,661,Fletchling,0,5.0,278,45,50,43,40,38,62,6,0
730,662,Fletchinder,2,5.0,382,62,73,55,56,52,84,6,0
731,663,Talonflame,2,5.0,499,78,81,71,74,69,126,6,0
732,664,Scatterbug,9,,200,38,35,40,27,25,35,6,0
733,665,Spewpa,9,,213,45,22,60,27,30,29,6,0
734,666,Vivillon,9,5.0,411,80,52,50,90,50,89,6,0
735,667,Litleo,2,0.0,369,62,50,58,73,54,72,6,0
736,668,Pyroar,2,0.0,507,86,68,72,109,66,106,6,0
737,669,Flabébé,17,,303,44,38,39,61,79,42,6,0
738,670,Floette,17,,371,54,45,47,75,98,52,6,0
739,671,Florges,17,,552,78,65,68,112,154,75,6,0
740,672,Skiddo,1,,350,66,65,48,62,57,52,6,0
741,673,Gogoat,1,,531,123,100,62,97,81,68,6,0
742,674,Pancham,4,,348,67,82,62,46,48,43,6,0
743,675,Pangoro,4,15.0,495,95,124,78,69,71,58,6,0
744,676,Furfrou,0,,472,75,80,60,65,90,102,6,0
745,677,Espurr,12,,355,62,48,54,63,60,68,6,0
746,678,MeowsticMale,12,,466,74,48,76,83,81,104,6,0
747,678,MeowsticFemale,12,,466,74,48,76,83,81,104,6,0
748,679,Honedge,16,10.0,325,45,80,100,35,37,28,6,0
749,680,Doublade,16,10.0,448,59,110,150,45,49,35,6,0
750,681,AegislashBlade Forme,16,10.0,520,60,150,50,150,50,60,6,0
751,681,AegislashShield Forme,16,10.0,520,60,50,150,50,150,60,6,0
752,682,Spritzee,17,,341,78,52,60,63,65,23,6,0
753,683,Aromatisse,17,,462,101,72,72,99,89,29,6,0
754,684,Swirlix,17,,341,62,48,66,59,57,49,6,0
755,685,Slurpuff,17,,480,82,80,86,85,75,72,6,0
756,686,Inkay,15,12.0,288,53,54,53,37,46,45,6,0
757,687,Malamar,15,12.0,482,86,92,88,68,75,73,6,0
758,688,Binacle,8,3.0,306,42,52,67,39,56,50,6,0
759,689,Barbaracle,8,3.0,500,72,105,115,54,86,68,6,0
760,690,Skrelp,6,3.0,320,50,60,60,60,60,30,6,0
761,691,Dragalge,6,14.0,494,65,75,90,97,123,44,6,0
762,692,Clauncher,3,,330,50,53,62,58,63,44,6,0
763,693,Clawitzer,3,,500,71,73,88,120,89,59,6,0
764,694,Helioptile,11,0.0,289,44,38,33,61,43,70,6,0
765,695,Heliolisk,11,0.0,481,62,55,52,109,94,109,6,0
766,696,Tyrunt,8,14.0,362,58,89,77,45,45,48,6,0
767,697,Tyrantrum,8,14.0,521,82,121,119,69,59,71,6,0
768,698,Amaura,8,13.0,362,77,59,50,67,63,46,6,0
769,699,Aurorus,8,13.0,521,123,77,72,99,92,58,6,0
770,700,Sylveon,17,,525,95,65,65,110,130,60,6,0
771,701,Hawlucha,4,5.0,500,78,92,75,74,63,118,6,0
772,702,Dedenne,11,17.0,431,67,58,57,81,67,101,6,0
773,703,Carbink,8,17.0,500,50,50,150,50,150,50,6,0
774,704,Goomy,14,,300,45,50,35,55,75,40,6,0
775,705,Sliggoo,14,,452,68,75,53,83,113,60,6,0
776,706,Goodra,14,,600,90,100,70,110,150,80,6,0
777,707,Klefki,16,17.0,470,57,80,91,80,87,75,6,0
778,708,Phantump,10,1.0,309,43,70,48,50,60,38,6,0
779,709,Trevenant,10,1.0,474,85,110,76,65,82,56,6,0
780,710,PumpkabooAverage Size,10,1.0,335,49,66,70,44,55,51,6,0
781,710,PumpkabooSmall Size,10,1.0,335,44,66,70,44,55,56,6,0
782,710,PumpkabooLarge Size,10,1.0,335,54,66,70,44,55,46,6,0
783,710,PumpkabooSuper Size,10,1.0,335,59,66,70,44,55,41,6,0
784,711,GourgeistAverage Size,10,1.0,494,65,90,122,58,75,84,6,0
785,711,GourgeistSmall Size,10,1.0,494,55,85,122,58,75,99,6,0
786,711,GourgeistLarge Size,10,1.0,494,75,95,122,58,75,69,6,0
787,711,GourgeistSuper Size,10,1.0,494,85,100,122,58,75,54,6,0
788,712,Bergmite,13,,304,55,69,85,32,35,28,6,0
789,713,Avalugg,13,,514,95,117,184,44,46,28,6,0
790,714,Noibat,5,14.0,245,40,30,35,45,40,55,6,0
791,715,Noivern,5,14.0,535,85,70,80,97,80,123,6,0
792,716,Xerneas,17,,680,126,131,95,131,98,99,6,1
793,717,Yveltal,15,5.0,680,126,131,95,131,98,99,6,1
794,718,Zygarde50% Forme,14,7.0,600,108,100,121,81,95,95,6,1
795,719,Diancie,8,17.0,600,50,100,150,100,150,50,6,1
796,719,DiancieMega Diancie,8,17.0,700,50,160,110,160,110,110,6,1
797,720,HoopaHoopa Confined,12,10.0,600,80,110,60,150,130,70,6,1
798,720,HoopaHoopa Unbound,12,15.0,680,80,160,60,170,130,80,6,1
799,721,Volcanion,2,3.0,600,80,110,120,130,90,70,6,1
