1.118403491725545074e+01,-1.280656588564766309e+02
2.014410550026440649e+00,-3.451901144802798882e+01
-1.419003948510058599e+01,9.842533192962969224e+01
-1.617524403226954455e+00,2.114705429876484004e+02
-6.403174232204981386e+00,-1.396072786946494375e+02
-1.536441274926430900e+01,-3.622429506104938923e+01
-3.442515164691322838e+01,1.064378795631256480e+02
-3.640083621599749364e+01,2.184165416530519792e+02
-5.620090632255304541e+01,2.201029806060558656e+02
2.423548185669815780e+01,-1.309973113713400892e+02
1.300510794754733013e+01,-3.348015035094008596e+01
-2.709280401762147461e-01,1.052609879669381172e+02
-8.241003377434948263e+00,2.177796189328570620e+02
2.010483473197673376e+01,-2.625095284901626087e+02
4.028097981713672482e+01,-2.504313629229200444e+02
-2.481285049289214584e+01,-4.897366693235003510e+01
1.413442239661203637e+01,-2.628807716206461578e+02
3.179011738987212254e+01,-2.505016276227298988e+02
-1.752465288568324198e+01,-4.850807808408193722e+01
-1.296077357713519973e+02,4.756863443947241166e+01
8.164660947731936957e+00,-2.021572596682151470e+02
-1.744285839787097059e+00,-9.585487489102114012e+01
-2.425476642050404052e+01,4.288016609960830294e+01
-6.203613625484884153e+01,1.550751058015145247e+02
-1.056966624913120789e+01,-2.032925333911911707e+02
-2.661760769611231936e+01,-2.899576124248840259e+01
-9.870016514349311265e+00,-1.934325709714345862e+02
-2.787990957936228398e+01,2.387202765501436286e+00
7.745761621305575773e+00,-1.618604756954592574e+02
-6.753017368549818933e+00,7.744905205288910022e-01
-2.780150057705232669e+01,-1.308202109706186036e+02
-4.726407011652121781e+01,4.941664272090854837e+01
6.191940881798404916e+01,-1.444443556870457996e+02
3.642790204657573128e+01,1.678141685362450630e+01
2.533416222967055731e+01,-1.742338568010379163e+02
1.253858748873577156e+01,-7.661463162131238391e+01
-3.134462477697908867e+00,7.484591012140332111e+01
1.248499302406969491e+01,-1.775097765787764388e+02
2.261141410237039739e+00,-7.746316671650562569e+01
-1.744569807261459360e+01,7.407252064492183763e+01
2.805058162136678135e+01,-1.215619144485785768e+02
3.923400095226869499e+00,5.190267176993112486e+01
-6.352067015135356876e+00,-1.520128979460574499e+02
-2.714368423821789023e+01,7.370681673118261301e+01
8.890669344738314805e+01,-1.796141451888391316e+02
7.854304191571615945e+01,2.221646609488647339e+00
9.129834460764612913e+00,-2.086341276073603694e+02
-1.397633857148907843e+01,1.761971251180147746e+01
3.135235047951489307e+01,-1.240228153093824375e+02
2.172040766528694533e+01,-4.308863197966019243e+01
9.027299789733564950e+00,6.284722785533938350e+01
4.061876610047217895e+01,-1.616572676672603848e+02
4.061238881097083464e+01,-3.005315712679352558e+01
2.054395328318716096e+01,-1.417393190362419375e+02
-2.508634151449119187e+01,1.127281557253190947e+01
-4.305979845103860271e+01,-1.935327586161395459e+02
-6.100724767702502049e+01,-4.198020218402117365e+01
-2.673164971528304790e+01,-1.649695280802914112e+02
-4.409627307412294783e+01,-2.545686818191447820e+00
2.702769744169982058e+00,-1.263906036967006088e+02
-1.888201695404724845e+01,6.845327972721081267e+01
-1.868583953270539411e+01,-1.462812810772533112e+02
-2.719273269412797234e+01,1.708785751524618846e+01
-3.134774106964361984e+00,-9.404609954945343020e+01
-2.679351429510581184e+01,1.298957734087086635e+02
-2.660200191013620241e+01,-1.532869006440402302e+02
-1.671741102659905209e+01,-5.937353378681930849e+01
6.338261164672450043e+00,8.186454783919970168e+01
-7.445453624941073656e+01,-1.469540744633956706e+02
8.174937877061776703e+01,-3.662803905890975642e+01
-9.574360204590460910e+01,6.262444976358248283e+01
5.411800233944435945e+01,2.019131957165618871e+02
4.326970410307443160e+01,-1.407660290195812252e+02
3.056902778917805463e+01,-3.179155992651242002e+01
2.213106772927025645e+01,8.206628048960457988e+01
-8.202014306473877525e+00,-1.514010538663418117e+02
-6.589392201605134503e+00,-5.163911576076021248e+01
-1.682509520620810051e+01,5.939361401551561670e+01
5.449644277592511799e+01,-1.070848727246992382e+02
-3.804443860369374164e+01,8.611808849599387372e+01
-3.839363905991736203e+01,-1.572322944212436937e+02
6.568778993122326426e+01,-4.512046021061545531e+01
6.068754513083396063e+01,7.248735403874607641e+01
-2.357898512746086439e+01,-3.134406091457103827e+01
-3.357682283218979080e+01,6.734657113820243524e+01
2.779138467723493378e+01,-1.359564760021146412e+02
5.044488932982572749e+01,6.505768724762317845e+01
-1.145159865140956725e+02,1.684215536834824150e+02
-3.880598067220130076e+01,-1.263425122987236477e+02
-4.620976552964881989e+01,2.721355336682858450e+01
4.469282736154597480e+00,-9.115777180489656928e+01
-2.666535003413648752e+01,-1.417293300769189841e+02
-3.511492973217860225e+01,2.161921619757611523e+01
2.200007879208138206e+01,-1.199247315568717056e+02
4.960264314582286893e+00,4.141969604237194602e+01
5.071995025420092418e+01,-1.169777033811125762e+02
2.760884859282678150e+01,7.489664038146715086e+01
6.960965158527575625e+01,-1.369641475973423326e+02
9.220740089280447194e+01,1.128836210091006933e+02
-5.563191832928461622e+01,-1.444575657905057540e+02
-6.297486171444333536e+01,-4.136033837452562523e+01
-7.146795413276792885e+01,6.550609556377924036e+01
-1.005928419407963048e+02,1.787897714646638576e+02
1.113543056089718277e+02,-4.955656415042422225e+01
3.815922359336158820e+01,-1.155137465409938500e+02
8.149637940751670584e+00,5.205883897318609144e+01
-5.430693720802255342e+01,-1.284070288205789154e+02
-6.495573134690300776e+01,3.655754686644527851e+01
-4.228663490316248641e+01,-1.220762260564108175e+02
-7.946304935350640619e+01,3.722741016196257391e+01
3.957788536642491550e+01,-1.180149384123456002e+02
4.158399740684378010e+00,1.016457820877437257e+02
5.612717363152071925e+01,-1.213301914611786430e+02
4.541317732884313330e+01,-8.583452357565048985e+00
5.908093410743589402e+01,2.340447246035400042e+01
4.524384116476366557e+01,2.297669375714485795e+01
4.482796617848081411e+01,-5.259568509449118068e+01
5.171925521896010025e+01,-9.882004672654636579e+01
2.512603223911239070e+01,6.301333008968912708e+01
-4.258533527715420774e+01,-1.058670909726533864e+02
8.159903265682608264e+01,6.009598880153723144e+01
2.144802105517214841e+02,2.312859549981591556e+01
-4.939268976893217911e+01,-7.947512253450224939e+00
6.572898803545839108e-01,5.931544090462076468e+01
8.184355481335105154e+00,1.732380540963521014e+02
-2.105164659480064415e+01,-1.587317332768636504e+02
-3.310968387810069657e+01,-2.637310100231679000e-01
8.024723074273419243e+00,-1.263286769034472030e+02
9.750043667550066795e-01,1.442194566737850536e+01
-2.939339558295211674e+01,-1.084966082861997307e+02
-4.550179564307587299e+01,8.992535455257956301e+01
-7.203810521426129299e+01,1.722761455850566747e+01
-3.013001438330696757e+01,6.819561279135710663e+01
-7.092110899693895476e+01,1.157167432371879912e+01
-4.163890904008598426e+01,5.579538235013085057e+01
-3.473774527200929185e+01,6.311967501854185514e+01
4.793568177004511988e+00,7.490451155442453057e+01
2.037816171826503009e+01,1.923357660219595857e+02
-4.766503343067494569e+01,5.352976433559356195e+01
-1.671250928959690185e+01,-2.650332545068560535e+02
3.995385922215090702e+00,1.201497792963524631e+02
2.268431847496692200e+01,2.318494146137651910e+02
2.504173772830812794e+01,1.163980572454892979e+02
1.399922204774263790e+01,-1.607537492266129675e+02
9.709512366182948995e+00,-1.204876667498228073e+02
-5.907170334701085324e+01,9.830889181863727799e+01
-7.357560672251277367e+01,9.284132939184841860e+01
-1.360623764984639550e+01,1.081725109683130199e+02
2.294675126384570518e+01,-4.321117132256644311e+01
6.744403964881961144e+01,-8.208960759347857561e+01
5.012034830273155706e+01,7.352153381090667494e+01
4.032041731762505066e+01,-8.433434301199802974e+01
3.302889151713277904e+00,6.788320827104854516e+01
-6.588068580027818655e+01,7.908564918080278972e+01
-8.195119601496810446e+01,1.921496517032806537e+02
-1.068357349462389863e+02,1.077327565464309203e+02
4.058571452955096248e+00,1.608045210133820149e+02
-3.481420975147362640e+01,1.573101620753907355e+02
-2.940364500003085979e+01,1.578367818106153493e+02
9.163693195892898657e+00,-1.479266531029791736e+02
-3.026403738833674417e+00,-1.792594703507708687e+01
-9.274032523035369735e+00,1.826837171288729849e+02
-6.961078447964935378e+01,2.637555949827816448e+02
-6.677179806592563693e+01,3.764094221402579592e+02
-1.000202461199050248e+02,3.729626622953660444e+02
-1.774200043337319244e+01,1.785460152836794521e+02
2.223669647631537316e+01,-1.267809966555976331e+02
1.223618123727560913e+01,-3.368258977672373788e+01
-2.873252498554639267e+00,9.872094120919459215e+01
-6.343264876337480374e+00,-1.395969671457980894e+02
-1.532501842231426537e+01,-3.621795511326679673e+01
-3.439433608164488021e+01,1.064346281274567900e+02
2.441738462688030253e+01,-1.305260418565968052e+02
1.375882448005918945e+01,-3.302806556559972506e+01
-2.193645329530616195e+00,1.039365083864055492e+02
3.295555578060462665e+01,-2.382778460284771143e+02
-1.982279904966001993e+01,-2.692694125946934136e+01
7.317898309410556301e+00,-1.932219807799688169e+02
-2.074446998929948549e+01,1.803604343562381862e+00
-1.736321370635557670e+01,-1.933488107140069872e+02
-5.201358841853809167e+01,-5.881331120217421216e+01
2.875220894815419470e+01,-2.005627307768760090e+02
2.626110317317341014e+01,-4.791841752080188144e+01
-5.498691335793762391e+01,1.041228233025865819e+02
-1.387109665767045286e+01,-1.189745657246994597e+02
3.493161350925947062e+01,2.616201513616698549e+01
-5.821832957284903465e+00,-2.534705089829574831e+02
4.745217433484496183e+01,-2.354400971207442410e+02
7.107560053494476904e+01,-2.452199533949178942e+02
5.948427689169693622e+01,-2.047525017040231603e+02
5.567026519368520354e+01,-3.021785478907008482e+01
-1.432659463780282394e+01,-1.286795684555789308e+02
-2.805861363053733015e+01,3.373537954973490827e+01
2.244969400357652844e+01,-1.705848384381320670e+02
1.439758470238165344e+01,-7.632304987261048268e+01
6.324020705212849869e+00,8.742097031280222552e+01
2.641188783616030733e+01,2.075675352525846904e+02
1.895399699929640036e+01,6.197129561169384004e+01
4.596984529158017097e+01,-2.035354863940234225e+02
3.717466241016393269e+01,-1.642500385032300869e+01
7.215252164466785700e+01,-2.252348859028234074e+01
-4.671756585819291985e+00,7.075765673448678683e+01
1.141255563623828451e+01,-2.035426297699931979e+02
-1.370047416852546007e+01,-1.075098564981232414e+02
-4.769272836105022151e+01,1.749224981314639038e+01
-1.524971767587632598e+01,-8.570783259685127575e+01
2.636943448091578546e+01,-2.764498945784489479e+02
4.122294560749815417e+01,-8.131191188986443663e+00
-3.421100199567625566e+01,-5.533164499984309970e+01
4.974169787722858871e+01,-2.425548948429353118e+02
3.662391351887244895e+01,-3.802867404873077728e+00
-6.851766330886468381e+01,9.591802482074946568e+01
5.163926155206617352e+01,1.058146190886628091e+02
-4.184219238846344524e+01,-3.876899108851318942e+01
4.812268315715220979e+01,6.546712793156243038e+01
-2.217734237328303948e+01,-4.589357990776350427e+00
4.789937143345205151e+00,-1.083226458787146100e+02
-1.328857468778337250e+02,-5.650474052974875860e+01
-1.934125000083350798e+01,1.800166953343427778e+01
6.862173645500691066e+01,-1.534154162541871642e+02
-5.739965083097323628e+01,2.485071472790756175e+01
2.761096096346826911e+01,-2.174012749656366594e+01
2.714125520728280705e+01,-6.225436363566029030e+00
1.227623142315199658e+02,9.415213658561697230e+01
1.283576044038240127e+02,2.101554316492450027e+02
4.070150122050743846e+01,-1.460517584427652480e+02
3.706888576371927257e+01,1.820545173808825368e+01
-1.073236960252251926e+01,-8.385291893427796239e+00
2.681464139129434088e+01,7.680715733700583314e+01
4.041768178952298740e+01,1.911397320327397722e+02
2.459783649394856582e+02,9.898824369503628873e+01
1.354921531500383125e+01,7.641574671465680524e+01
6.712711104603883427e+01,1.973146726532335151e+02
-5.962244199239690090e+01,-1.517867168566527170e+01
2.058722451632110761e+01,-1.135557320079460055e+02
1.597262059224043718e+01,7.630301669567028000e+01
3.938800082247103518e+01,-2.015157894841169082e+02
6.788031602180309676e+01,-2.304548435031406939e+01
1.698486253441424054e+01,-2.030736074991391433e+02
2.723293995083394847e+01,1.658446937846721525e+01
4.032445788138477383e+01,-5.766852229111758987e+01
-1.639249973941294058e+01,-1.507767363510495784e+02
1.191037584889984835e+01,5.135662046729687802e+01
-1.405013037089535821e+01,-1.175635719243572908e+02
-7.460299334006613492e+01,2.163056458590115128e+01
6.616419156635404875e+01,3.476387897849705411e+01
-2.294192263033386681e+01,-1.183484560826830148e+02
-4.470640277980833588e+01,6.847596704169831128e+01
-5.603859159370110632e+01,1.792027030984087617e+02
-1.371406259676030182e+01,1.147153559227016189e+02
4.466617540822509369e+01,-1.127679894753927670e+02
4.956441626067550743e+01,7.760415759946728542e+01
2.998898335457872655e+00,9.045121661867507612e+01
-1.966661602758117056e+01,2.929510966032934149e+01
-1.565844532194307703e+01,-2.099522562892982478e+02
2.129333957204201511e+01,-2.443713970554037758e+02
4.949860556823135482e+01,2.316277199143363319e+01
-4.447648924951136706e+01,-1.491060954497001205e+02
-3.420217606362887608e+01,-8.708017062230908323e+01
-2.703557416568543914e+01,-8.054329985988667318e+01
1.915873209775264030e+01,6.054638263111313989e+01
2.055504812913712271e+02,1.315052082939162688e+02
-4.278112344253752042e+01,1.563604008169712927e+02
-2.383588623115637262e+01,1.583997795432343025e+02
1.353332092229956629e+01,1.611499790147747149e+02
2.087387708585120905e+01,-1.465788570053408648e+02
1.392863615837175750e+01,-2.718915680303976856e+01
1.222720651004862980e+01,1.849606570043952161e+02
2.648915373028593123e+01,2.960830357920814890e+02
3.125929554668697818e+01,2.711131581513724313e+02
2.207604624494911683e+00,2.719885458765757562e+02
-1.763026816650182838e+01,1.785438240590918326e+02
-1.589600595413300965e+01,-1.400192085132139823e+02
-3.716458083092506115e+01,-3.851139243287603620e+01
-5.325718044441924093e+01,1.002178144629755536e+02
-8.587544874498586012e+01,2.093735126254415775e+02
3.668949120340643244e+00,-1.376458655399179918e+02
2.272702101746542525e+00,-3.383819917335080163e+01
-3.015927137311726014e+01,1.061790025227296468e+02
-5.974653254582283779e+01,2.159528237660862544e+02
1.935498860259956544e+01,-1.354921662936809810e+02
1.644711552976613333e+01,-3.256797196527203653e+01
9.036381201971805055e+00,1.121846993349373207e+02
5.982254855391033743e+00,2.240278973959042901e+02
2.230891517015114545e+01,-2.340842931745589794e+02
1.495078284324407702e+00,-1.767882114645679081e+01
5.085247902839127754e+00,-2.154516921541094234e+02
-2.907268458831421398e+01,-2.254844409046040354e+01
4.014299465070649120e+01,-2.594398803741298138e+02
5.108341889269876646e+01,-2.479477047963739835e+02
-2.318020948988901253e+01,-4.803065802890085934e+01
5.108720452778938892e+01,-2.479468117798050457e+02
1.442438510571002830e+01,-5.600153304214897787e+01
2.075991699443592609e+01,-2.347627372816692173e+02
1.025444702374787020e+01,-1.040586752331743980e+02
-5.160967324025180325e+00,4.751947113898481945e+01
3.282891886555537297e+01,-2.328078900717567024e+02
-5.030621909412139381e+00,-1.057697115286048728e+02
-2.098212233674536975e+01,4.651983533289870110e+01
-2.430825461133731125e+01,-1.867414922528296586e+02
-6.134419250378303445e+01,-1.551001907397155222e+01
-2.898867904150341701e+01,-1.868309346043004098e+02
1.617247235541847772e+01,-6.186516116529542586e+00
1.028112788381053022e+01,-2.591729541673431072e+02
-3.028987912741681221e+00,-1.748995374941943339e+02
-5.068204930585241641e+01,9.242221634819287601e+01
-8.295210072364659482e+01,2.031248540509583620e+02
-7.976395451648067514e+00,-1.853275596949172837e+02
3.112917809975793926e+00,-2.458053335227005576e+01
3.453891335189653944e+01,-1.525434235442660054e+02
9.964966797010713861e+00,2.761013275270189737e+01
4.066912428390335066e+01,-1.677601578268741775e+02
-1.203445690275850488e+01,1.212985645569789162e+00
-7.380082694954455746e+01,2.579583536498362264e+02
5.908239967652087188e+01,-1.824498410850115420e+02
-1.034618558578606695e+02,7.011591714267788156e+00
6.849641674285911108e+01,-2.150373631239110921e+02
3.271620258037455642e+01,-2.146799118924795380e+02
9.516487602752318864e+00,-8.300791948928811337e+01
-9.906875539870503289e+00,5.886644119723837321e+01
4.955592441094557188e+01,-2.160105689592304827e+02
8.804041646474230731e+01,4.462317404042702407e+01
4.363533003152701184e+01,-2.656743045179665046e+02
-7.616642081633774808e+01,-7.782110915899750125e+01
1.698543662175568159e+01,-1.917896736025445819e+02
1.650559563661260665e+00,-6.208115625813137939e+01
1.796905059148544481e+01,-5.931299159869897153e+01
7.779609399239868139e+01,5.664416885337226404e+01
2.770626499020838907e+01,-5.877288834206263601e+01
5.754293540185409483e+01,5.363680406783717558e+01
6.410510147887185894e+01,-1.091433549042887421e+02
7.764871566484399068e+01,-1.384719442425554448e+00
-1.109124316871435525e+02,9.695300420461806823e+01
-1.529540453660605976e+02,2.123009533517458465e+02
6.923587451459749076e+00,-1.721561867277644353e+02
-5.212439422952090951e+00,-3.028432668164539265e+01
-2.629395775502297283e+01,7.964045315657031665e+01
-1.028165776466793524e+01,-1.560559463767932300e+02
-4.842241293006427583e+01,3.749236801820212150e+01
-7.660258491437458872e+01,1.497645851437770830e+02
-4.341286272992071105e+01,-4.002133938034010896e+01
-4.273119504676810720e+01,-4.070309588280685631e+01
-1.286633716745853739e+01,-4.238889027816724564e+01
-2.205413416520687520e+01,-4.334061941867824430e+01
-2.944684119531148525e+01,-4.340276539705651260e+01
2.886624863949501218e+01,-1.455205535285137159e+02
1.851131291168604065e+01,3.387219962605608004e+01
3.984196953839607858e+01,-1.476101103896399707e+02
-6.745975122703509896e+01,1.930074077038359448e+01
-6.000002467766363168e+01,1.363864145049650460e+02
7.421618310113409223e+01,-3.679854251050482361e+01
9.916419206657900531e+01,7.923344341183528172e+01
1.722294813917007517e+01,-1.427356300710597452e+02
1.895811728536278551e+01,2.904753863212377496e+01
-7.901571809989125939e+01,1.427018428439925231e+02
7.688289927747936758e+01,4.377579993605036890e+01
-3.195829946949543299e+01,-1.207823515399677206e+02
-3.880353483359787248e+01,3.199651742915284558e+01
6.267520168525486213e+00,-8.242521708268719749e+01
-3.019730163462260464e+01,-1.663796566764113152e+02
-3.230243465214716725e+00,-1.052299183787469588e+02
-2.557822811478011005e+01,8.919364632363601686e+01
3.996072735628622752e+01,-1.060518132819077977e+02
-3.354979992079858420e+01,4.336050484982975206e+01
2.755506430191725187e+01,-1.369889565272270033e+02
-8.174695082050285055e-01,5.898914266405550677e+01
-6.104427465220206628e+00,1.712608316129499997e+02
-2.865648070806920700e+01,2.044082932373910566e+01
-1.135425738799811413e+01,2.361346810154397602e+01
-9.976168574275172674e+00,2.402946866907954782e+00
7.329793931619722258e+00,4.259070210655376165e+00
3.932522749664988382e+00,-1.622714888294011928e+02
1.270042427207645197e+01,3.431116640363314474e+01
3.917562051061855044e+01,-1.363722054120495955e+02
1.317439185860828310e+01,3.766144261306254748e+01
1.470930555877422918e+01,-1.499819475587585202e+02
3.000009267729861406e+01,7.652018406283745833e+01
5.641347805370143931e+01,-8.305537080904475999e+01
3.324705057726922774e+01,6.863828623195443868e+01
-2.093865366370472358e+01,-9.114973236893210640e+01
3.447657563620678189e+01,7.067373934689356929e+01
-2.404946470253001323e+01,-2.642536291252832825e+02
6.508810435410445905e+00,1.237908906864767573e+02
-8.554702771037315800e-01,-1.831896976153016965e+01
4.987983088291491640e+01,8.250756673173732736e+00
-2.426195472528663633e+00,-1.559977003860009859e+02
-4.974794788052903094e+00,2.099125978467475306e+01
-6.445167811171322114e+01,1.341883838006104384e+02
8.447269706696746994e+01,-1.464342742544929479e+02
-9.281819228336145500e+01,9.577804099865932841e+00
2.391163924250816208e+01,2.662362168063527434e+01
-6.562308031566344013e+00,-1.339832495288362857e+01
-3.042206215666334757e+01,2.973818864298305087e+01
-8.549830453252349116e+01,1.390475469699663336e+02
7.186708792155232572e+01,-1.906312370953313007e+02
1.235590473768669284e+01,-1.476493307043423329e+02
-8.661101452708628301e+00,4.605648895217110095e+01
-3.961561946862388339e+01,1.578565565128960486e+02
3.971554650769598993e+01,-1.583133105127789690e+02
2.329054254589627249e+01,-2.729465395739001465e+01
9.070177824608817829e+00,1.072517228359386081e+02
4.700826007138509510e+01,-9.354325554291857259e+01
2.268584183297896217e+01,5.796722287608059787e+01
2.638223929788065902e+01,5.918606919280429679e+01
6.103322013079878872e+01,5.695354510996808273e+01
-4.009274640432712289e+01,-1.221811207178801624e+02
2.718404210870950166e+01,-1.480838888912732330e+02
3.343489016539974301e+01,-1.489150511662028720e+01
-3.974138322215315355e+01,1.804510817517412704e+02
-3.286634777756167125e+01,2.896844885102242984e+02
5.173558198497467231e+01,-1.440219475333512662e+02
3.198999074581680802e+01,-1.510427298856496670e+01
1.532778988040266199e+01,1.867093539768359562e+02
2.829616840172687553e+00,2.935305507542599912e+02
-1.289348782331763914e+02,1.508546756683456636e+02
1.008825959351345602e+02,1.756265405073320380e+02
7.395061557209982084e+01,1.688840297695985271e+02
-2.630981908589295415e+01,1.838384218355463986e+02
-8.283047606056342715e+00,2.944282100377452025e+02
-4.576181429325505690e+01,1.799246232628873656e+02
-5.634231955289548921e+01,2.888919019581088037e+02
-3.466176231127698770e+01,2.600632485598234211e+02
-2.561979044240129255e+01,3.732592287354678433e+02
2.091756408482868146e+00,2.609499200938956278e+02
-3.123666873004052036e+01,3.719256432348720409e+02
-5.454968909285167200e+01,2.681775004109049405e+02
-7.384647983554724249e+01,3.765227922981679853e+02
-1.731880563304415688e+01,1.787550698351839742e+02
-1.306818353675917308e+02,1.744003852739731997e+02
-1.842996406183602858e+02,1.702486637754513481e+02
8.200996511296911251e+01,1.935846236429514136e+02
-1.121007933305246098e+02,1.718144784842341437e+02
3.393562235212338152e+01,-1.253525084726754955e+02
3.584967603414579429e+01,-3.106755430405404184e+01
2.044238754195301411e+01,1.016108590373455485e+02
-1.945405110141281035e+00,-1.389245565967082712e+02
-1.902294078597785543e+01,-3.650712219074048193e+01
-4.280736311970645147e+01,1.058600023756345365e+02
1.717963154812291648e+01,-1.314111204257845316e+02
1.049510816975044492e+01,-3.334708749082874135e+01
1.320680287078672244e+00,1.085170365309837166e+02
4.874722541845254442e-01,-2.101080726332945687e+02
-1.566674780098822062e+01,-1.072010895517752971e+02
-4.699898990587033154e+01,4.869317263952773089e+01
3.144580564655205279e+01,-2.012471803182780548e+02
-1.230447270650030678e+00,-2.963158781396445818e+01
3.439178182574085696e+01,-2.612136025449366912e+02
-6.124870757094431628e-01,-5.807246227486779588e+01
1.530335892892929017e+01,-1.887892484869556995e+02
-5.213588054796076676e-01,-7.980816032437397212e+01
-9.952024193601474167e+00,9.828798146217941678e+01
-6.238080024577035587e+00,-1.743243512811534970e+02
-5.231081979037994500e+01,8.755800770161532398e+01
-5.935406775066547880e+01,-1.007959947106167391e+02
-9.346124653443548880e+01,5.714623805742827045e+01
-6.121473912709803500e+01,-1.022525282462930818e+02
1.203046040769965828e+02,7.559997376793958779e+01
2.625604662396517597e+01,-2.296440806887455324e+02
4.543187065343789044e+01,-9.696907362606387082e+00
4.614140622632372413e+01,-9.297658557138062108e+00
4.157395099653658121e+01,-9.752826776994803382e+00
-2.094284280579271496e+01,-1.521465571651952331e+01
-5.701181550160346667e+00,-2.126972087141352290e+02
3.708614354017228720e+01,4.503745331599871804e+01
-3.723334046900592398e+01,-4.094587794737997655e+01
-2.848922780378077846e+01,-1.197390327291188044e+02
-6.005539950305696806e+01,5.845434354869917115e+01
2.413213227810411965e+01,-1.755927008880126152e+02
-1.732687785839037176e+01,1.194557022293439097e+01
2.966266605379971111e+01,-1.191668538442476688e+02
3.372939309750483972e+01,4.495958976096243020e+01
-4.686669963973387354e+01,4.445493833204903922e+01
-2.774174997161875211e+01,-1.005162354175025570e+02
-9.059708440832113752e+01,5.723904861482562723e+01
-1.812974030852137375e+01,-9.667675119560405506e+01
-2.831895650706465162e+01,4.432036412705216577e+01
-8.264296713638029246e+01,1.533630410766014904e+02
-5.878486684755392844e+01,6.038010558697390451e+01
-5.917998581326312291e+01,7.425696182766419895e+01
-2.154830144021814320e+01,-1.414040512172568071e+02
-4.030841186289251965e+01,1.105466773976923101e+01
1.490730544650689815e+01,-1.664069606071385863e+02
-7.688548666200881065e+00,-1.185855859502796079e+02
-1.564796494700139462e+01,4.444821256662887521e+01
8.255093917005022774e+01,-1.420330883482415345e+02
5.625642680134785678e+01,7.863594110613244936e+01
8.806665818465413054e+01,-1.514281052664003084e+02
6.614683500566556518e+01,-1.341717873846886846e+02
-3.854376885639444339e+01,-2.504799410624025029e+02
-4.303555895996792913e+01,-3.300517355855743062e+01
5.154679168072808437e+01,6.068974488417874369e+01
2.308441073693726509e+01,-1.475125910747243267e+02
-9.971788860267814414e+00,-3.049396091723307478e+01
-1.372253062890273512e+01,1.826057753032031314e+02
-2.387348766982122683e+01,2.932100529860867368e+02
-9.071923174552146918e+01,-6.390997237669868980e+01
9.471965587258327490e-01,-1.666202899409300926e+02
-3.898609240378652174e+01,9.831702798332511861e+01
-6.732406090938312104e+01,2.088338221575548914e+02
4.730808032590752532e+01,-1.110543556610900140e+02
4.378579106954963152e+01,1.046034611876932701e+02
4.830450933495647803e+01,-1.122696449800053244e+02
-8.698450659006150332e+00,7.058142181289467487e+01
4.180124352316695990e+00,-1.485756410420613349e+02
-2.247784268498589810e+01,5.750147516588432950e+01
1.279133189230869228e+01,2.123235614004041949e+01
2.115814282127418178e+00,-1.160503344007738349e+02
-1.490444229886877281e+01,2.290839873804437588e+01
-6.195686196869938556e+01,-1.080564794421384818e+02
1.549886064739148672e+01,-1.095820254853252180e+02
-4.625556011185827932e-01,6.427655591997249473e+01
3.340332611605149538e+01,1.873704668383728915e+02
-7.468658760316120038e+01,7.308706405900919378e+01
2.318679392237790537e+01,1.218016749992143417e+02
2.645703487930921938e+01,9.162887439209015383e+01
7.656011226617084731e+01,1.204795011672631659e+02
4.112215416923775990e+01,1.202958232510152783e+02
-3.321831783693563267e+01,1.154301949628748076e+02
-3.409884409342727452e+01,1.171287413106076229e+02
1.315523552862633849e+01,1.319198999321477572e+02
-4.169748725088359720e+01,8.568100608535117146e+01
3.035537619331523373e+01,1.070074455080107469e+02
2.663695972137618995e+01,1.121731338800921094e+02
3.248036419824371279e+01,8.821232939644117721e+01
6.133274632787693470e+00,1.118671405760233597e+02
-4.808631448448794998e+01,1.104758254741036723e+02
6.572812757336848888e-01,9.825296162067104433e+01
-1.594364770760515526e+01,2.136050662896899439e+02
9.509291010928785681e+01,1.104942265717946412e+02
7.474883997745131126e+01,1.099413487193502590e+02
-3.729923328737736909e+01,4.330761334515692340e+01
-3.617344341231780902e+01,-8.327633542106229747e-01
-2.278367016927995081e+01,9.864103471597984196e+01
-2.278367019341028410e+01,9.864103471107901555e+01
-2.278367015173747134e+01,9.864103471954257429e+01
-2.278366964954251372e+01,9.864103482153623759e+01
-2.278366970238263889e+01,9.864103481080465485e+01
3.299410754263439571e+01,1.654014080559010154e+02
-6.934678420207803562e+00,1.591562421271660526e+02
-6.237167888591816478e+01,1.569292485075305308e+02
-2.912106777896842758e+01,2.688876920613992070e+02
-4.440197053536685701e+01,2.667143224466643687e+02
-7.055872721290966432e+00,1.839513600470233996e+02
5.362889184675289300e+00,2.612574426221291901e+02
2.248902759916571625e+01,2.706178689692569606e+02
-1.000877130892829747e+01,2.710598827022013779e+02
4.002408515753287332e+01,1.852494827909543460e+02
-8.943683191140504363e+00,4.596828184244252924e+01
-1.843971142184470580e+01,1.783873160567293610e+02
-6.179530812596900802e+01,1.783127761432691898e+02
-1.859238238533222187e+01,1.784234781804142358e+02
-6.147828476689447541e+01,1.763080693624935975e+02
-2.131554169525387366e+01,3.093721618336350616e+02
-1.768223268426351780e+01,1.785451719030263860e+02
3.525362917419142317e+00,-1.403244670036143305e+02
-8.024384063232547604e+00,-2.727514859455863672e+01
-3.310178758262399157e+01,9.940294197929291897e+01
1.701762554949398165e+01,-1.389169937229364677e+02
1.086075822829900339e+01,-1.920145481136698251e+01
-8.587690324807649489e+00,1.097527949864509367e+02
9.840456433958697957e+00,-1.390502649927547907e+02
2.336490974249617533e-02,-2.563902047030217091e+01
-1.067522879494735832e+01,1.038805475580981010e+02
2.047719791320840343e+01,-1.962156888173633149e+02
-5.265586616147373000e+00,-1.848177954500522446e+01
1.394644131417245525e+01,-1.768668795570344230e+02
1.733401500283019914e+01,-7.117732195443632293e+01
1.107464731537595171e+01,7.294394548150552282e+01
-6.077942565703657429e+00,-1.709508000613025729e+02
-4.859210638376006841e+01,4.762495569072510371e+00
-4.852912002232633304e-01,-1.312547960875031947e+02
-3.954769224638295100e+01,6.516930664744610624e+01
-3.946223211819344101e-01,-1.312304234526194477e+02
-3.946607511107973920e+01,6.517287532898436098e+01
-3.160183176079831013e-01,-1.312099820613717043e+02
-3.939879604829913973e+01,6.517721601254829977e+01
3.120755786053121383e+01,-1.623940299816746915e+02
6.630936838997502036e+01,6.226860318316985143e+01
2.450520623696430533e+01,-1.866685053325881825e+02
3.467470005002029954e+00,-8.532074200592008140e+01
-2.544536194055014278e+01,5.519610291648690037e+01
-1.815552405207077769e+01,-1.572976705041620846e+02
-4.881769129973763910e+01,6.185656209921909010e+01
7.416381942914557612e+01,-1.643718133418976493e+02
7.228084166074447126e+01,-4.430333784936003383e+01
-8.177298371263144361e+01,8.578835674718285986e+01
-1.019182345109527965e+01,-1.363200008619777179e+02
-4.944118169205977154e+01,-1.944731141025405563e+01
-1.547184441434209923e+01,-1.208876513947240028e+02
3.498242410813581671e+01,9.050850828588248476e+01
3.586470177349870170e+01,1.057720644643374541e+01
5.675368810519405116e+01,1.291852874956190078e+02
5.177286362150804422e+01,-1.404118497359483229e+02
5.070367075820418989e+01,-3.047800810140050487e+01
5.769268893895612393e+01,8.542231720191776390e+01
-1.387508370758532505e+00,-1.563154251718632395e+02
-3.368128499087656991e+00,-5.821221869875231647e+01
-8.602827329807558598e+00,8.022479039168523229e+01
6.741910951732745616e+01,3.392441227538099469e+01
3.401725695937892624e+01,3.341209597621202931e+01
3.174621501720642414e+01,-1.347470460978319977e+02
3.756848123836187625e+01,-5.807097081384221582e+01
-1.763461582271641959e+01,6.830334330398305553e+01
1.353194819338517441e+01,-1.933226286584105083e+02
5.286913843958136994e+01,-7.824312320771983309e+01
-4.194947261652285420e+01,4.910755061947057953e+01
5.625882930831516138e-01,-1.746776675083268913e+02
-4.528230815587295410e+01,4.209326773605510397e+01
3.141640276852342950e+01,-1.702450916505733005e+02
-3.465789768116128755e+01,4.544815826941950831e+01
-2.971181170193709420e+01,2.223176161965518460e+01
-7.832902812082858546e+00,-1.603947095903441493e+02
-1.209555937876383069e+01,-9.467244970518187586e+01
-1.647542970129880402e+01,9.116343544369478025e+01
5.447502602803391625e+01,-1.295124662445687704e+02
-9.014094836422933099e+01,3.677927105166768484e+01
6.666972026302413212e+01,1.312777791271585102e+02
-5.483454261875543523e+00,2.719753318884765747e+01
4.247195051567105395e+01,-1.180314792804989708e+02
4.679097904018472320e+01,4.676224167945765942e+01
3.045675911003042202e+01,-9.282844885944825819e+01
5.429685219017522257e+01,6.161063838346096588e+01
-3.507176761961072486e+01,5.649230279769006557e+01
6.004733343011613300e+01,-1.405557886977624662e+02
8.898079082172763776e+01,6.030425882773485569e+01
6.320082514660023776e+01,-8.196828445664854712e+01
6.146305082785701757e+01,7.358003165205570895e+01
-3.567119801532184908e+01,-4.289437554910786332e+01
-6.542492077858425148e+01,1.429543501282113596e+02
6.924887111585907640e+00,-1.168864746850889560e+02
6.680143273815852822e-01,4.029613299893109257e+01
-2.108441601038500934e+01,-1.180033057113286930e+02
-6.219822570175561793e+01,7.892420432141145170e+01
-1.169861943741757493e+01,-1.515754354773325758e+02
-4.798502559300831649e+01,3.066033938434435413e+01
1.866339222495201611e+01,-1.608186830940209404e+02
1.519463963215093472e+01,-5.006136679924285460e+01
1.553115126571856131e+01,6.317175735497136912e+01
-4.724676285714622992e+01,-1.666981662715321875e+02
7.556945678902630448e+01,-6.630134084577143483e+01
6.346177713352493299e+01,6.762199905902325270e+01
1.080948326035895413e+01,-1.433540592216332357e+02
-2.986899360745186627e+01,3.676478600107227379e+01
9.466625106233847120e+00,-1.429762186197181961e+02
3.315440612192014580e+00,-4.486067559134238536e+01
-1.868734224302698976e+01,1.108408980990355559e+02
-6.158252703885994883e+00,-1.118234425813014923e+02
-2.033105390552948677e+01,3.943743740410319987e+01
-3.447168618755851099e+01,-1.346289472310398594e+01
3.207428686045678212e+00,-1.323543185102400059e+02
7.384311422180992679e+01,7.543114085919278011e+01
4.688216978357357334e+01,-1.527480213324746501e+02
4.729805251058731130e+01,3.380883365860041323e+01
3.213331214822850512e+01,-1.078620068818418076e+02
1.802872346381317215e+01,4.879549977668528982e+01
1.015438308115298014e+02,3.879887867963297055e+01
-1.745580807479745422e+00,-1.282577858044194841e+02
-4.586020519877010315e+01,3.407830532590779882e+01
8.477148082807863716e+01,-1.345682228813759878e+02
8.176384661466462944e+01,6.672045846431379346e+01
4.172821426103450904e+01,-1.446351432893450522e+02
2.308397544187024408e+01,6.081391428715562597e+00
-2.131558932600442768e-01,9.602170448319454010e+01
1.935563831786394129e+00,-1.765764590238257483e+02
2.101354741944303939e+01,-3.182582337530448058e+01
7.923807629961527432e+00,9.339345431542513154e+01
3.425148127286207966e+01,-1.064559536292847213e+02
3.803190001344992055e+01,6.034355595277884987e+01
4.565213504155661184e+01,-1.740359343725669135e+02
-1.674099002161260330e+01,-7.457035594994152916e+01
-6.867820175268418836e+01,9.342624541833887974e+01
3.507374838559212549e+01,-1.247890510538552888e+02
3.495191763149460940e+01,-2.665645776770318420e+01
-1.381130724246330033e+01,1.249608322207551083e+02
1.408781511573216960e+01,-1.427861829094030952e+02
1.990653695984331506e+01,5.536515925450657249e+01
7.724348993811497621e+01,6.196915668302771252e+01
5.887911973229438445e+01,-1.377687680485492763e+02
4.035203403586488236e+01,8.211977788726849781e+01
5.124545784720849895e+01,4.129629242273976075e+01
-5.479404275998583707e+00,-9.437093350351118204e+01
-5.709531268345666888e+01,7.835153013610270989e+01
3.276958534472096574e+01,5.738856844396158863e+01
3.338218059913032221e+01,-1.429483528552793814e+02
2.836788408679466755e+01,5.418953669099649062e+01
2.207674646756406389e+01,-1.027615122889522752e+02
1.830410737363751750e+01,6.385110585311742426e+01
4.325544778852658823e+01,6.262238646165573641e+01
7.929700546425386243e+00,-9.404973354930781682e+01
-9.468658430168033213e-01,8.464244031129618406e+01
1.977997809236397941e+01,-7.113151600526771290e+01
3.553897382948109396e+01,8.643933642540589801e+01
-1.355276653098481354e+01,5.298492468024620194e+01
-6.780042259881450661e+01,4.495654864219940805e+01
2.414427548900505016e+01,-1.465172493259675548e+02
9.273664916729904562e+00,-1.678924180401201127e+01
-3.380125302171639845e+01,1.789308318499328720e+02
4.661723790430966297e+00,-8.254609079837193519e+01
-6.217217704690671098e+01,1.250526415950749737e+02
-2.405478975618654758e+00,1.623907393455107524e+02
-1.849437720685864761e+01,1.599401197047859000e+02
-2.219734811765199112e+01,1.611360571569384774e+02
-5.305372518671119764e+01,1.566641918824205391e+02
-4.624825460664457211e+01,1.552837737807289216e+02
-5.297293978710293061e+01,1.567759310154431773e+02
-5.791676410605574432e+01,1.587168350622019091e+02
-3.388540375601463239e+01,2.683768795443003228e+02
-1.828858505644598864e+01,2.690582600247231539e+02
-3.690346847899834160e+01,1.791523685669387191e+02
-3.178793467176749488e+01,1.830083247581663386e+02
-3.664574936806428695e+01,2.461448217501472868e+02
-3.649116756049847510e+01,2.931106238462672877e+02
-6.058298177608349278e+01,2.899966309778791924e+02
-4.323735115868608148e+01,1.581304951885586831e+02
-4.323735119488043921e+01,1.581304951800005938e+02
-2.229612985297701044e+01,1.867035145983251994e+02
-5.179860212908332784e+01,1.792377703555268624e+02
-3.431298500856330946e+01,1.803029615370476222e+02
2.836208635487668062e+01,-1.314321227629645819e+02
2.399571974702252319e+01,-3.252342477924360509e+01
2.367816982891922351e+01,1.083045459939228579e+02
-5.364730069076983909e+00,-1.422124065720291526e+02
-1.523156926730891314e+01,-3.184192892892894378e+01
-4.415561589460793357e+01,1.074286433678038719e+02
-1.258028768015182841e+01,-1.348923892969386600e+02
-3.478587330792080934e+01,-3.840098563140634269e+01
-5.522286602140680145e+01,9.982867074456558498e+01
7.359613649434215255e+00,-2.177066568534173712e+02
5.211412682036421273e+00,-1.570447540933894714e+01
3.858467044436660665e+00,-1.736013939972719982e+02
-1.359061527910196077e+01,-6.156178020546183660e+01
-5.400603945632458647e+01,6.235795525682863882e+01
2.606081872224044815e+01,-2.551551669085521326e+02
4.139501754279864798e+01,-2.413000992927633774e+02
-3.850893086224472484e+01,-3.288396125019460925e+01
-8.513779890900005753e+00,-7.465341704477253870e+01
-4.726947530937857778e+01,7.472621308370094084e+01
3.250852399266127790e+00,-1.488153097498463637e+02
-2.517476838253332971e+01,-7.459876510087791246e+01
3.983535032061248415e+01,1.440058641103350396e+02
7.351080862733490484e+00,-9.311923097901542690e+01
-2.586868510424189527e+00,1.119960796782518457e+02
2.471207415780481398e+01,-9.339789758092676664e+01
1.410402223791062681e+01,6.890498023129603666e+01
-2.951520274043456737e+01,3.472718652079210955e+01
-3.359278860701144787e+00,-8.926938149040169890e+01
-4.057807160699835691e+01,2.607376559662999327e+01
-4.057807160699835691e+01,2.607376559662999327e+01
7.066733245379373329e+01,-1.139255303166698923e+02
-9.112811905904656840e+01,1.274376792061348684e+00
7.319052129537391238e+01,1.180485981718566819e+02
-1.159429009324168902e+02,8.261654930788623119e+01
4.554671768722237601e+01,-9.908044769792488182e+01
4.669997171256048318e+01,3.215371778675328329e+01
1.800723042149704511e+01,-1.019734728632827228e+02
-3.249266923750957492e+00,4.692842580091516425e+01
2.323873211726505872e+01,-1.601888228981102031e+02
9.505065371212410019e-01,4.920874361140926112e+01
2.472466229848803465e+01,-1.402621480696510048e+02
2.697262136038922620e+01,7.425354641434192615e+01
2.874995372963958218e+01,-1.234556418111972960e+02
4.200242568776540253e+01,7.121256250128172383e+01
1.798641657022410456e+01,-1.137726086937841927e+02
-4.393515960849852853e+00,7.592005565149881363e+01
-1.454957323481587395e+01,-1.637798539254399373e+02
-6.518667961993149618e+01,4.270359888871738718e+01
3.070963162517968215e+01,-7.790807466340822884e+01
2.701893925970080090e+01,1.005797206097968939e+02
1.458709682555244491e+01,-7.977423483926222048e+01
1.854211086214051818e+01,1.014383530586003417e+02
3.475992718500415180e+01,1.113893980266756216e+02
-4.563467500105547714e+01,6.480891823963104059e+01
-3.523910473008464095e+01,-1.092989889556433880e+01
1.096367905139070160e+02,8.127425119895373484e+01
1.380505356729026012e+01,-1.502137898961399287e+02
7.588748892593364381e+00,1.763153055598213470e+01
7.263668177733518583e+00,1.904389913311121916e+02
-2.412691193556280034e+00,3.647211711254205113e+01
2.162087628241210169e+01,-1.366530642059462650e+02
1.432321315930231265e+01,4.258930902454558520e+01
2.023942379186001972e+01,-1.079275049387510279e+02
1.676634694306592621e+01,-1.084082518727490196e+02
2.366773039430634640e+01,-1.075243515443185203e+02
2.729632278899395459e+01,-1.071528087631175623e+02
2.050753867086401883e+01,6.732546121478225132e+01
-1.041503605030738555e+01,6.634493154572534479e+01
2.924764294908971962e+01,6.701564695836231067e+01
4.034037520072507732e+01,6.773729846969185076e+01
5.846442815287459638e+01,-1.391526308257577682e+02
-1.340289765868656957e+02,7.387509117077262033e+01
5.192443198812538796e+00,-2.093140794059820564e+02
-5.147183915507369534e+01,1.052918802257881339e+02
-3.710534687774813989e+01,2.668186019576656918e+02
-3.711469531767314578e+01,2.667322075089537634e+02
4.811628821731910755e+00,1.815337073970648021e+02
6.602309924198409874e+01,1.933515366791666565e+02
-7.816244249693988877e+01,2.912793356155605125e+02
-5.562769562194005601e+01,1.889687631258483407e+02
-8.819774676240180611e+01,2.717982764112462633e+02
-2.280028040198129435e+00,1.862765163521431475e+02
