-1.258916724165809029e+02,-5.264340785488851537e+00
-3.216420546319562845e+01,-5.833386831070145107e+00
9.719026443645094560e+01,-5.472807545579403410e+00
2.060289642914447370e+02,1.855251801421701430e+01
-1.359360394985334608e+02,-2.163772675192687345e+01
-3.250076074951834926e+01,-2.335081851140545339e+01
1.068723580422317383e+02,-2.646474056530377439e+01
2.165925947336543231e+02,-8.326282680690274773e+00
2.170307158389541371e+02,-3.912518512087297040e+01
-1.307769642228792577e+02,1.252293386718929469e+01
-3.268358293124610725e+01,1.296620538196407502e+01
1.020585313028874026e+02,1.419096992073840724e+01
2.120873586324663052e+02,1.194893625890723143e+01
-2.604870261673541449e+02,-6.646719257857093055e+00
-2.497609223818917030e+02,1.429097967564280403e+01
-4.323314797742705196e+01,-2.559873727471802951e+01
-2.602612674255723846e+02,-1.284139879587078426e+01
-2.495351636401099427e+02,8.096300137629111049e+00
-4.366045794551719439e+01,-1.456189813084052886e+01
6.313309092569236469e+01,-3.897793170761486437e+01
-1.993407552283374002e+02,-1.196844733620342538e+01
-9.396588287393903727e+01,-1.136733953244586637e+01
4.591273721768411775e+01,-1.677381626677557236e+01
1.554484966534877799e+02,-4.820439060760768513e+01
-1.972426514503188173e+02,-2.041583354646149573e+01
-2.477427540678787565e+01,-1.823673893303087823e+01
-1.874503182448960956e+02,-2.503410524484090871e+01
6.712260866236582579e+00,-2.123111917716138564e+01
-1.586298199156875341e+02,-6.287017793287033030e+00
3.063267458872533933e+00,-5.836293686423606353e+00
-1.247723152752893725e+02,-3.408810919417179264e+01
5.412023169493867414e+01,-4.188946877142051051e+01
-1.463183343965148140e+02,3.610855640322274951e+01
1.537475297804522079e+01,3.655928051008615398e+01
-1.733957310793215925e+02,4.796687093803011059e+00
-7.637987865458555348e+01,5.067121557921067776e+00
7.483654555309865941e+01,7.884685921757658811e+00
-1.750938558108277618e+02,-8.362147403474624596e+00
-7.593589869901187228e+01,-6.704197748669328050e+00
7.563706894203737363e+01,-9.475560935165544763e+00
-1.212733454909171940e+02,2.720656781390724532e+00
5.155157398597879848e+01,-6.891761555114682691e-01
-1.473583053222131412e+02,-1.810869693075278519e+01
7.455928416123663283e+01,-1.593346036363775298e+01
-1.799263875162963870e+02,-7.571062562934620210e+00
-1.535551988232355614e+00,-1.291117402171961714e+01
-2.058921382490007375e+02,-1.197624883720135358e+01
2.047818407538341035e+01,-1.134523508759255961e+01
-1.230110849770603920e+02,3.761093229715790631e+00
-4.221086803396516274e+01,7.981148972343278025e+00
6.067474139711923442e+01,7.274554402605944325e+00
-1.606733014390853782e+02,1.766156546479257017e+01
-3.116034655081126914e+01,3.350695865506249049e+01
-1.410542400024058622e+02,4.529376299021861563e+00
1.576013769764524497e+01,-2.918888779609962114e+01
-1.838063987225285416e+02,-4.354458307395944416e+01
-3.324514345030435436e+01,-3.923330192333040145e+01
-1.579603459076684260e+02,-3.611131904891028199e+01
3.732741466891718041e+00,-3.566059494204685620e+01
-1.240395986128700514e+02,-1.386251591883817014e+01
6.999210623660206920e+01,-1.332164699060206381e+01
-1.403605446496282809e+02,-1.917271416716317489e+01
2.133254272493177695e+01,-1.872199006029975621e+01
-9.125013979546385201e+01,-1.925438768661441102e+01
1.297099549627995714e+02,-1.719297338251706719e+01
-1.470444686539780719e+02,-3.223331523701697421e+01
-5.560910355538095473e+01,-1.489528584658344279e+01
8.022091944481182679e+01,1.986311989381302823e+01
-1.341822467097747165e+02,-7.474945072453566297e+01
-3.716639428503861353e+01,-7.447901626041760892e+01
7.062474680866829146e+01,-7.248021128973236671e+01
1.681455726647349991e+02,-9.134845561738379160e+01
-1.405582491011795128e+02,1.093000034944366838e+01
-3.235497602226692493e+01,1.943875775537186712e+01
7.622443926031188255e+01,2.173855377964253677e+01
-1.442463564947470616e+02,-1.797192568135807633e+01
-4.723050407001098705e+01,-1.770149121724002228e+01
6.056063702369591795e+01,-1.570268624655477474e+01
-1.087511322785321539e+02,-1.838693975023533511e+01
8.495405881404701631e+01,-1.916109965401701842e+01
-1.450686987120898550e+02,5.415441045702089440e+01
-4.805284628735373786e+01,5.442484492113893424e+01
6.505809987585550402e+01,6.151522741666165928e+01
-2.696453782929228282e+01,-2.420889449051267306e+01
7.005131459544375616e+01,-2.393846002639461901e+01
-1.303254134863059335e+02,3.152317502564181240e+01
5.986136764595536164e+01,3.877710795910246588e+01
1.682305280007563510e+02,7.575846850185901360e+01
-1.171406382281916052e+02,-5.702521506439540033e+00
3.377716047739765060e+01,-6.980167906143309509e+00
-8.965695558423097111e+01,-6.128347493890235143e+00
-1.348673330456630595e+02,-1.674927834730424081e+01
2.682575432889712275e+01,-1.629855424044081147e+01
-1.198669728460247370e+02,8.048680680632241291e+00
4.182611452853539902e+01,8.499404787495663527e+00
-1.188932535154804526e+02,1.780261431463870991e+01
6.973805553150677383e+01,2.257426468792011676e+01
-1.398178724072273553e+02,3.438416648408748699e+01
9.767421814052727314e+01,6.361064595462244853e+01
-1.339142410340959941e+02,-5.883283960372703802e+01
-3.151074427487445817e+01,-5.769821988632538279e+01
7.089275248434702803e+01,-5.656360016892373466e+01
1.794400054863804712e+02,-6.620804746362034621e+01
-5.604959132913132436e+01,6.678031999988664325e+01
-1.162570700364867946e+02,7.216713137146171242e+00
5.100193338924125896e+01,5.737158722126776134e+00
-1.179212472990618465e+02,3.231510688547670895e+01
4.377184007549828237e+01,3.276583099234014895e+01
-1.150763579038861479e+02,-3.559854812132720525e+01
4.627997276536537896e+01,-4.783817414407658930e+01
-1.193724549589815211e+02,1.756346958604531494e+01
9.322389125693723599e+01,-3.801130232603913139e+00
-1.247723086121531963e+02,3.984375086272566335e+01
-1.101590332855739263e+01,4.840679863888081513e+01
2.164426667709713925e+01,-1.926864430322038357e+00
2.128506393936416785e+01,2.136167281274659402e+01
-5.495543857239803742e+01,2.736482651373674813e+01
-1.017208261009328822e+02,3.192306218860080946e+01
5.997226127362720405e+01,3.237378629546424946e+01
-9.782921377144350572e+01,4.980479893805082980e+01
5.360593391796543727e+01,5.961199474549046329e+01
7.362553912751856444e+00,-1.492541913694506661e+01
1.567474383603174037e-01,1.530405265002775117e+01
5.668852935134363236e+01,8.351048511285698694e+00
1.657079648739261870e+02,1.438061503927676199e+01
-1.507882261712978789e+02,-9.435602454722699761e+00
5.517216868776796623e+00,-9.849063601142860946e+00
-1.247575356412597642e+02,2.316852561119049803e+00
1.586853977628333290e+01,-2.262147932988600452e-01
-1.026744370180136343e+02,-2.871018762883723596e+01
9.135726783145842944e+01,-2.816931870060112075e+01
2.723365723014315876e+01,-2.445533520151441564e+01
6.928363720850965990e+01,-6.309419439490676851e+00
2.179471950622375687e+01,-5.685072191510817419e+01
5.941754318037759219e+01,-3.898787820239263624e+01
6.560662961867942045e+01,-3.325807766221409878e+01
7.028670602894587205e+01,1.825772502084873850e+01
1.786984596411675454e+02,2.238079257278497280e+01
5.722433430272042898e+01,4.619212157473063129e+00
-2.561272036670529815e+02,-1.360638532697596226e+01
1.127884880992157264e+02,1.040067884945608334e+01
2.216377534318571065e+02,3.472380490103659412e+01
1.064248105969737281e+02,1.122191379753322416e+01
-1.590273800095175432e+02,-4.027326544782956930e+00
-1.194651206957053091e+02,-1.780984221246497023e+00
9.592208779987220169e+01,-1.664538787222076621e+01
9.645811436309200815e+01,-5.669821675419572671e+01
9.952780146975665332e+01,-6.227692231159916325e+00
-4.253557430294492292e+01,7.808543007300021266e+00
-8.512430914998499532e+01,2.354028130672516284e+01
6.543685655216201269e+01,2.519519730559168735e+01
-8.540095812835811273e+01,1.955995991010047064e+01
6.519491075240343037e+01,1.979922903822947333e+01
8.460618043909049391e+01,-3.389382232213105794e+01
1.930179340513122099e+02,-2.977075477019483074e+01
1.117315497841733531e+02,3.144704067803123237e+01
1.558774983044949067e+02,1.049950835784659375e+01
1.568117354135291635e+02,-2.585403925328829544e+01
1.572900200944591518e+02,-1.688849158611226997e+01
-1.452491075866264225e+02,-6.602430469555610415e+00
-1.589463768697835810e+01,-6.241851184064872271e+00
1.792620980566742332e+02,7.290358927369451791e+00
2.649188928468691984e+02,-4.874848942368686266e+01
3.750980300637615414e+02,-3.425362638945421168e+01
3.752218531405634394e+02,-7.573335571862600091e+01
1.773633725953999374e+02,-2.910186205363574530e+00
-1.265651439848966788e+02,1.201462065867774953e+01
-3.287980789820728234e+01,1.252538791281663144e+01
9.647466200144081938e+01,1.288596719830737491e+01
-1.359354171997524077e+02,-2.163577810328316531e+01
-3.250013845073683427e+01,-2.334886986276175946e+01
1.068729803410135162e+02,-2.646279191666008401e+01
-1.306503588657344892e+02,1.286871611299459595e+01
-3.256345409745847519e+01,1.383290817245626769e+01
1.023343486217222420e+02,1.455779474383633953e+01
-2.369938199050668857e+02,6.226918538202520281e+00
-2.378220600615207658e+01,-1.120938018934753622e+01
-1.883563056995095053e+02,-1.246655717825834486e+01
5.709955566907783719e+00,-1.554366761806569563e+01
-1.847131722709044084e+02,-1.416679106293340951e+01
-5.039289983704996700e+01,-1.648559689197715628e+01
-1.990675164350651301e+02,3.189401200899799615e+00
-4.799123274084981716e+01,1.739656870597524119e+01
1.057749315142610840e+02,-2.739807158706562262e+01
-1.150733898243336881e+02,-2.319379301820251271e+01
2.457910442759803971e+01,-1.005907666942271383e+01
-2.482842941246051964e+02,-3.264358693335168482e+01
-2.342859883716447769e+02,2.160118129228056016e+00
-2.442485981556477554e+02,-9.214556656541040169e+00
-2.054020991345273046e+02,2.761995037776836526e+01
-3.223338769226579359e+01,2.371615658886225830e+01
-1.239018962305794815e+02,-2.781122680216993359e+01
3.779119114398062607e+01,-2.736050269530651846e+01
-1.670768638477941579e+02,-9.288611764016867056e+00
-7.532308651904561714e+01,-6.134649289988589160e+00
8.169079344650110386e+01,2.868096909677568362e+00
1.919707592530756983e+02,8.121489774234040837e+00
5.989751159559918392e+01,2.366356359878426474e+01
-2.023561215963356403e+02,1.204515536657577179e+01
-1.824088502847768822e+01,2.025957929068716368e+01
-2.724497471247209646e+01,6.754221795618907720e+01
6.966611646830747873e+01,-1.460056088937045304e+00
-2.004093378964172132e+02,-5.969839955157818956e+00
-1.042350276505651294e+02,-1.691032067750395740e+01
2.420038336862764794e+01,-1.745648443327952393e+01
-8.224799236483961806e+01,-1.431658578236243962e+01
-2.754400197149330438e+02,-4.334929736652306964e+00
-9.001400199432284310e+00,-1.300326786708188687e+00
-4.929095167713928305e+01,-4.207777787884828058e+01
-2.433505626856856452e+02,1.794432656873057752e+01
-5.689923270339543038e+00,3.019959717935294563e+01
9.767986138808149121e+01,-5.286830063701373206e+01
9.502809577892763571e+01,4.212946087163778230e+01
-3.183101402789652923e+01,-4.489092104783238568e+01
6.005628564545238390e+01,2.315144026713911884e+01
-2.782893078821107036e-01,-2.340744155310579799e+01
-1.056332322655404568e+02,-1.136240563176450280e+01
-3.821318288909130700e+01,2.403815227731999116e+01
2.165680825839178780e+01,-2.360479745758438952e+01
-1.562625772000751851e+02,4.837160722684942016e+01
3.220681876298254309e+01,6.616627121730336114e+01
-2.265445195048016203e+01,1.309501765969904952e+01
-7.453568500028580068e+00,2.491237858870764299e+01
8.026453098558896215e+01,1.160937260620184333e+02
1.890686298549598803e+02,1.450060237291432657e+02
-1.452400246534913322e+02,1.253064577842106253e+01
1.682973805807732148e+01,2.111411186864684097e+01
-5.946475614338409876e+00,-3.952482787856558932e+00
7.078203688831987961e+01,3.209313433886453026e+01
1.790040215402993624e+02,5.512979524571497336e+01
7.312616374153522258e+01,1.893719389138201166e+02
6.942465562627012332e+01,1.164750812979239214e+01
1.790378816792538998e+02,5.126492590059680765e+01
-6.887802822186817053e+00,-2.418465513093062924e+01
-1.129066890834722301e+02,4.376921442115619065e+00
7.120329965281501927e+01,1.262290883552083542e+01
-1.984098279365654491e+02,-4.187229669134263865e+00
-2.643306293203546886e+01,4.974120316736608771e+01
-2.005411839274649424e+02,-6.467919133057454140e+00
1.569947488376749156e+01,2.059560630073229959e+01
-5.919444249790540624e+01,2.981712777895382160e+01
-1.448619366289202048e+02,-3.091184135784459386e+01
5.070210201852555087e+01,4.411653332059572996e+00
-1.134322560047022392e+02,-2.817852865060471856e+01
3.135491030723210315e+01,2.261689816780454887e+00
3.079577959046587310e+01,5.727741812061271531e+01
-1.123819442312819206e+02,-3.735024055455683367e+01
7.093923718279114610e+01,-4.374694757975691317e+01
1.790004162843159747e+02,-3.738405643038265680e+01
1.135518292537644527e+02,1.807264644771516382e+00
-1.148899666228744536e+02,1.333426642784144533e+01
7.023155955850018017e+01,4.929998048491330565e+01
8.681951789548500642e+01,8.171070941434459556e+00
3.264236610882546330e+01,-2.253886736169964777e+01
-2.026654704965818894e+02,-2.007501094734363889e+01
-2.430841195235628334e+02,-4.199876365993755911e+00
2.102136798053410871e+01,3.519536202700182059e+01
-1.399903990579242929e+02,-4.931010999493636859e+01
-8.131927499982032259e+01,-4.298137832186170471e+01
-7.513018856151850855e+01,-3.725157778168316725e+01
5.613554839095138504e+01,1.669524698491487769e+01
1.056014277170482245e+02,-2.402434905369037565e+01
1.559881833119768260e+02,-3.621563032336799637e+01
1.554747655791628915e+02,-1.221253174335320679e+01
1.549072012543887809e+02,2.064476089044473639e+01
-1.455615428061367140e+02,4.271125504050118593e+00
-2.673122309846369760e+01,1.039876080936130620e+01
1.791360360805878997e+02,3.086854687423182142e+01
2.873128542692968495e+02,5.849437939662654884e+01
2.622580992516302558e+02,2.484978225691515874e+01
2.649204228321564756e+02,3.677239518108432303e+00
1.773639948941817295e+02,-2.908237556719880601e+00
-1.350091275292729165e+02,-3.161717704511661964e+01
-3.232716955008515214e+01,-4.321941390408887429e+01
1.022893754455505047e+02,-4.574236262850835288e+01
2.115542668678939719e+02,-6.684311847023911923e+01
-1.339258227547055640e+02,-1.521065058264249714e+01
-3.111776240367764501e+01,-8.723470813401048574e+00
1.042088849973539482e+02,-2.074972266203874227e+01
2.133533242466069169e+02,-2.842454404209283680e+01
-1.344242246193755648e+02,3.281822393717139352e+00
-3.226906983357100245e+01,1.290570745690461152e+01
1.081192736568804804e+02,1.788071320077171222e+01
2.170935427161923883e+02,2.849945134430705451e+01
-2.318003563719574061e+02,-1.509940624478698590e+00
-1.638359443322659104e+01,1.871663937293127355e-01
-2.118792945012428390e+02,-1.178590421825534662e+01
-1.840564311535824871e+01,-2.067552447974940932e+01
-2.593908699221595384e+02,1.059611045321659439e+01
-2.489159046136927600e+02,2.403838286032885563e+01
-4.197134828276431051e+01,-2.993544410154094493e+01
-2.489159046136927600e+02,2.403838286032885563e+01
-5.528163852589287330e+01,8.698745906870966493e+00
-2.322966912528237344e+02,-4.293516411233222030e+00
-1.029422213531756398e+02,-3.932937125742486106e+00
4.831936931777919852e+01,-5.704544377450164738e+00
-2.324829099942098480e+02,1.068412706519183608e+01
-1.028438762242756752e+02,-1.998204883345123406e+01
4.872909141677361333e+01,-2.275341201994744722e+01
-1.793968932560332803e+02,-3.383188060945367681e+01
-7.196933897970669847e+00,-3.733922283838897727e+01
-1.792666943813987075e+02,-4.525990109902848957e+01
-5.773798632377981299e+00,1.245296600229381490e+01
-2.557548342954883083e+02,-1.877778633699636046e+01
-1.691704785743575030e+02,-2.072968323144942104e+01
9.058258858903472799e+01,-2.658537391480859213e+01
1.998821259984006815e+02,-4.864774397282025120e+01
-1.799986056247848865e+02,-2.651576313379801064e+01
-2.280142644722547018e+01,-5.790198136190324085e+00
-1.521550635294191238e+02,1.688941283375253732e+01
2.814416396955118671e+01,9.416285729730061504e+00
-1.677537059763570824e+02,1.882455272625629661e+01
3.697364691191253439e+00,-3.883092067534760883e+00
2.527799283293465749e+02,-7.665455529031043325e-01
-1.829311434180877143e+02,3.277943076934004552e+01
2.021186508095824408e+01,-6.738991573671297886e+01
-2.125848282378234160e+02,3.599079528232940195e+00
-2.104053768750839026e+02,-1.443241942018020652e+01
-8.105090697543573697e+01,-1.407184013468947192e+01
5.907885159318314550e+01,-1.198289034263154207e+01
-2.146711703500934050e+02,6.377891263396493926e+00
4.011147884897844307e+01,1.758472399375184736e+01
-2.658044443264877827e+02,1.404367769647233821e+01
-6.495909638013205267e+01,7.428866236949451718e+01
-1.898499641161813543e+02,-4.622186775756279786e+00
-6.049549421653333781e+01,-4.261607490265541642e+00
-5.865062099657761507e+01,1.220436793472233816e+01
5.055631879308374721e+01,6.584276877844804687e+01
-5.875479178793393231e+01,2.201771451356424336e+01
4.936178790767625912e+01,5.813872949713513094e+01
-1.132279866343434520e+02,4.606354843148909595e+01
-5.332515739256976417e+00,6.778518050632172276e+01
1.025629551558295560e+02,8.950681258115437799e+01
2.109261465879624780e+02,1.298372770768058047e+02
-1.679166361214419965e+02,-3.056316920162576611e+00
-2.811339130971598266e+01,-2.282395960122448386e+00
8.103104793953696117e+01,-9.957217340176558906e+00
-1.510212648561567619e+02,-2.770772165405286458e+01
4.318061018325636269e+01,-4.546041224940620396e+01
1.511201812749289388e+02,-5.701135852015762850e+01
-3.303075709047345043e+01,-4.548971639307215753e+01
-3.376344272750475284e+01,-3.369182746108183579e+01
-3.907788750330919214e+01,-1.279363435727972487e+01
-3.896045469880567680e+01,-2.472548055769483355e+01
-3.658227178858289363e+01,-2.948083293631450275e+01
-1.447899281445620261e+02,7.488328816936347110e+00
3.345555141694747903e+01,1.667978177490312675e+01
-1.389245934769520829e+02,-4.167393429520996762e+01
2.839691181211118476e+01,-5.000568266425193542e+01
1.368619334143449464e+02,-3.497269097943690497e+01
-3.975077889068511894e+01,-2.566559002706497949e+01
6.796712834479865251e+01,-2.161016181283796556e+01
-1.397303709642171441e+02,-7.757488782398753280e+00
2.931190632256268103e+01,3.242394374302751459e+00
1.394217019391963390e+02,2.678934676244866964e+01
3.895596298865087448e+01,6.910354506457672130e+01
-1.142415514912813137e+02,-2.392535439450471202e+01
3.659873051273667954e+01,-1.489882864901058213e+01
-8.141345347216508799e+01,-3.807081676201122367e+00
-1.542468442155524713e+02,2.021934668883536901e+01
-1.028287304215061653e+02,-1.395946760002972376e+01
9.120297442796595533e+01,-1.341859867179361032e+01
-1.055922228139315422e+02,-1.494956288474494066e+01
4.598074482711774635e+01,-1.772092607124115560e+01
-1.358848285116031605e+02,1.019640253561994392e+01
5.822752901467354292e+01,1.094684469385675207e+01
1.685225668510763057e+02,1.229422671278133095e+01
2.471906550432049343e+01,-1.656352541396564959e+01
2.634058540804462467e+01,-1.859121829857324570e+01
5.317121804545693387e+00,-1.512758258597611771e+01
5.006925484319847186e+00,1.364751476993900248e+01
-1.594144476891564750e+02,-1.472285550964637224e+01
3.439113132062418998e+01,4.359206501699246061e+00
-1.360109243651099860e+02,1.441843397352496758e+01
3.778054101734049652e+01,8.515128315041806673e+00
-1.465497205854372567e+02,2.878017073433684292e+00
6.948068336872171358e+01,2.610449326694763172e+01
-8.668776924892860336e+01,3.258884283111007818e+01
6.484003192885008104e+01,3.440665126015814224e+01
-8.620044988074417347e+01,-1.135260345757375866e+01
6.610740068767569255e+01,3.766575349645744097e+01
-2.559218639836233820e+02,-2.954012128595799069e+01
1.121919561246254489e+02,-5.452720478462306453e+00
-1.673621852234108687e+01,-3.626792033455751962e+00
6.160498510304723396e+00,2.722067307161507443e+01
-1.497601494700120952e+02,-1.774393466824686172e+01
2.325346381213640257e+01,-7.260179779195419236e+00
1.326038750751145869e+02,-2.850403017317615362e+00
-1.510968610095576707e+02,5.099622422700880975e+01
2.239943045628123741e+01,7.709086600016026125e+01
2.582580875934153397e+01,1.958351905434737006e+01
-1.072201256185517693e+01,-1.015055191008094049e+01
3.398798048108794490e+01,-1.271698568542559826e+01
1.427852409364622588e+02,-4.977020879621254323e+01
-1.917043822927959127e+02,2.034640704954852808e+01
-1.460157966506706941e+02,-3.792767605374414597e+00
4.801590819880148331e+01,-3.251898677138304716e+00
1.579381995483562946e+02,-2.731378060472703595e+01
-1.569493718943498095e+02,8.792662699614016475e+00
-2.759490199470178240e+01,9.153241985104756395e+00
1.017595679049463229e+02,9.513821270595498092e+00
-9.557783312052335134e+01,2.271865013995504512e+01
5.594996805725529754e+01,2.453645856900310207e+01
5.604030098379646319e+01,1.535811533791455297e+01
5.206041094258798552e+01,5.817861778951390050e+01
-1.157110109010134948e+02,-2.287229359822412889e+01
-1.454896451084387650e+02,5.178459487293602059e+00
-1.576242872194271705e+01,3.094830271929764365e+01
1.791152891782212748e+02,-2.172531967504072270e+01
2.867099931495387182e+02,2.487608707961805332e-02
-1.457431455890437348e+02,3.606915252741651301e+01
-1.638867568939564023e+01,3.642973181290724938e+01
1.795113557376136271e+02,3.719286074485039251e+01
2.867980784556550020e+02,2.832458711358842507e+01
1.552704044702878150e+02,1.137201742903704371e+02
1.561726936497885276e+02,3.875710932610196124e+01
1.557532340402113959e+02,7.632097414859359219e+01
1.775776406084617633e+02,-1.654114010422826908e+01
2.868286158377389370e+02,-2.396113218524806410e+00
1.786668696788581485e+02,-3.392795658655141011e+01
2.886053640818958570e+02,-2.699164701729402793e+01
2.548394684447659984e+02,-1.660163792114139270e+01
3.652188702850418167e+02,-2.108349518041055504e+01
2.543128535824983203e+02,3.245012545663954029e+01
3.646530578821718791e+02,2.920833586001983662e+01
2.669461858076113003e+02,-2.411261008700472175e+01
3.761357915201348305e+02,-3.637660308260311126e+01
1.773887186558959286e+02,-2.847211081394222187e+00
1.814059796185940456e+02,-9.279852227890961558e+01
1.836040365296878178e+02,-1.281921890748806732e+02
1.768570296836030025e+02,6.218476467594602042e+01
1.767199410342923045e+02,-5.821022090242912839e+01
-1.260833438832413407e+02,2.101220046023803789e+01
-3.224250113541609863e+01,3.292216936517937143e+01
9.711196876423204571e+01,3.328274865067010779e+01
-1.358879331178104906e+02,-1.825237211756927991e+01
-3.231643774340624731e+01,-2.829092858408260724e+01
1.072284347953657573e+02,-3.504372198129820504e+01
-1.304302890166227371e+02,8.950882001751957473e-01
-3.190246126705201846e+01,2.817620735784505559e+00
1.034473348774423158e+02,5.948884250613676983e+00
-2.057066464371891357e+02,-1.941229191125885123e+01
-1.034836847648866325e+02,-1.712619692584437203e+01
5.290439204216669111e+01,-1.067018249259198193e+01
-2.004089471444962385e+02,4.104573094206210193e+00
-2.783284558276739418e+01,-5.611730516386635337e+00
-2.608154760869077222e+02,1.006010321615605818e+01
-5.552247342492658078e+01,-9.898791405549696165e+00
-1.853922917256171559e+02,-1.005593625152425119e+01
-7.726719043018051991e+01,-1.135147302339967723e+01
9.637668799396416830e+01,-1.255804966065532158e+00
-1.679595441270992353e+02,-1.567417489891103166e+01
8.745301534034469171e+01,-3.420988252701754107e+01
-9.123651406022925414e+01,-4.985224098695630879e+00
6.638950979918094220e+01,2.989202478894284365e+00
-9.198697097774315523e+01,6.309064053757933976e+01
6.344099597057325468e+01,1.064587339111402997e+02
-2.286225544638034251e+02,6.053945691924945471e+00
-1.131202145535107029e+01,2.788421439067955987e+01
-1.153188484903579969e+01,4.748096851550612030e+01
-1.142195315219340834e+01,3.768259145309284008e+01
-1.054063778035190602e+01,-2.603185018180176158e+01
-2.075131125803369514e+02,-1.688036463521367736e+01
4.271689782527474932e+01,3.841013652253077026e+01
-3.480629271091438426e+01,-7.004563235095959683e+00
-1.138684022089039445e+02,-4.054927948250011127e+01
6.419824012409561931e+01,-4.601546392060593149e+01
-1.724893930145260299e+02,-4.202407096352863469e+00
1.551406983997171096e+01,-1.816932303904056667e+01
-1.193814178829995853e+02,4.199880436725911714e+00
4.318773570890457592e+01,9.133142555790968231e+00
4.938130706947953996e+01,-2.678990246162914346e+01
-9.565923563177031497e+01,-2.971417372066378704e+01
6.569886936124557053e+01,-3.373106064914539814e+01
-9.293272809400968981e+01,-2.360685362941586263e+01
4.672609336089911380e+01,-3.195780626480769104e+00
1.555290612066150402e+02,-9.187685301833958817e+00
6.458549721624501672e+01,-3.920202936985615594e+01
7.701316869933147302e+01,-2.784025435311975727e+01
-1.362388448228198570e+02,-2.855564240751379046e+01
1.685647998231327804e+01,-3.067822591749487060e+01
-1.619829809340281770e+02,-8.376996009729541726e+00
-1.157310332378605580e+02,-1.641430180162596031e+01
4.621533403536948725e+01,-1.259192561920295539e+01
-1.475181252672202561e+02,5.145493770143324497e+01
7.120063936671412819e+01,5.560199371202271124e+01
-1.565982000145565394e+02,6.718553596798572869e+01
-1.345502167364412571e+02,-1.691082598405517956e+01
-2.357803221365770128e+02,-8.777954208351410159e+00
-2.636603492917459590e+01,-4.652856610585768493e+01
5.611671836292071447e+01,4.192318760938852762e+01
-1.457711205467107334e+02,2.153281672515008349e+00
-2.772424594649715957e+01,-7.301406218986112862e+00
1.773187492621431431e+02,1.484749753984964116e-01
2.878649255755417471e+02,8.991283520710709354e+00
-4.995967069404147054e+01,3.100216251709888482e+01
-1.620018762011092122e+02,-1.152382404975579888e+01
9.877565479910762747e+01,-2.955712576856910800e+01
2.078406373977394139e+02,-3.685825390417766556e+01
-1.137837147215386437e+02,3.152221656936266925e+01
9.670772882651316138e+01,4.879320172709368109e+01
-1.147519764429965079e+02,2.337607187854849755e+01
6.888058194117100186e+01,1.597960891855988130e+01
-1.451907202615353185e+02,-1.608935708582999169e+01
5.964862349520835494e+01,-1.953511818068030337e+01
2.201253772875941195e+01,6.594316168810817835e+00
-1.142217387678297058e+02,-6.832190543700265017e+00
2.578245056229132359e+01,-8.490954014836157526e+00
-9.799831499485237885e+01,1.905007828577100826e+00
-1.087221945389662352e+02,1.799840806784989145e-01
6.404245406634586857e+01,2.154935798733363939e+00
1.750261421001642077e+02,3.119780284368987111e+01
7.964506263983771817e+01,-2.270087549595519150e+01
1.093425489560647890e+02,1.381936785672682433e+01
8.548756386266079232e+01,2.845986631693723723e+01
1.077608855721597791e+02,6.556518635398738581e+01
1.087128159175028941e+02,3.060780546594387985e+01
1.144012207884860715e+02,-2.294960032154088125e+01
1.148485135953372378e+02,-2.805728017132384267e+01
1.183105885622105262e+02,-4.155812312764411764e+00
8.625452767934095277e+01,-2.588740194917734883e+01
9.644647943765971831e+01,2.930210104300461893e+01
9.833747538470602478e+01,7.425890747185974305e+00
7.902210012182342780e+01,3.276275605395526469e+01
1.021137739888659723e+02,2.036963884678080206e+00
1.088170851672415864e+02,-3.803976387204311749e+01
9.031221210819309420e+01,9.516044271007427779e-01
1.983628955465766239e+02,7.377622515062629560e+00
9.675641824215551878e+01,7.621832245528709393e+01
9.824155961560093431e+01,7.035391186989262735e+01
4.765439405706066367e+01,-2.963040622250873568e+01
5.227256766546956257e+00,-2.144013892578792024e+01
9.218444854460292959e+01,4.673593278034845255e+00
9.218444854460292959e+01,4.673593278034845255e+00
9.218444854460292959e+01,4.673593278034845255e+00
9.218444854460292959e+01,4.673593278034845255e+00
9.218444854460292959e+01,4.673593278034845255e+00
1.548934769161579936e+02,3.277272888504930393e+01
1.572726020475131463e+02,1.056929018608532900e+01
1.581193933808946781e+02,-4.641677427454671800e+01
2.661187294233107536e+02,-1.048610581328431879e+00
2.662487433990329464e+02,-1.784202288300836514e+01
1.788995633460246779e+02,2.726667848667887473e+00
2.534880831130689103e+02,1.808731495714748760e+01
2.620461240989157545e+02,2.223057778125190964e+01
2.635114953729783451e+02,-1.365200082728784903e+00
1.751338997326135996e+02,3.309873944004899471e+01
4.795892144272288959e+01,-3.399645192780824665e+00
1.773133913423709487e+02,-3.039065907290081636e+00
1.787365654076360215e+02,-4.142440770734013000e+01
1.773029273723871881e+02,-3.069805179179845744e+00
1.775932665261864258e+02,-4.780825229870116999e+01
3.066516363665491554e+02,-2.724195410117725924e+00
1.773669196315153727e+02,-2.903191849821318282e+00
-1.379930179439265032e+02,-5.773403702276587168e+00
-2.497218437101800248e+01,-4.053524018067059309e+00
9.857279939386559420e+01,-8.100700353677979138e+00
-1.375629915138921149e+02,-1.905490231874183316e+00
-1.834151476431685523e+01,-5.438794499395839033e+00
1.012214905803874672e+02,-1.110904812607500425e+01
-1.368380402475316657e+02,-9.835756726195983290e+00
-2.348855149605607195e+01,-1.092462266079671629e+01
1.010309901310462237e+02,-4.622541121328089808e+00
-1.945219600828226305e+02,-2.953898297543411822e+00
-1.646725855664775651e+01,-3.986291369158798670e+00
-1.735375768534363772e+02,-1.026638917653019067e+00
-7.110116434408672603e+01,1.184508144133401686e+01
6.895104514447571376e+01,2.112780557237071832e+01
-1.664998430915258893e+02,-2.462395881204135506e+01
1.199078712715894746e+01,-4.737714803540559672e+01
-1.289814857486280744e+02,-1.471515496657587363e+01
6.829176523473456939e+01,-3.611472948747429967e+01
-1.289757248431420180e+02,-1.470018545014725930e+01
6.829752614022061152e+01,-3.609975997104568535e+01
-1.289699639376559901e+02,-1.468521593371863077e+01
6.830328704570665366e+01,-3.608479045461704970e+01
-1.549764555932320320e+02,1.276108053563230316e+00
5.581129289508606206e+01,2.145334812213762277e+01
-1.850481584204873400e+02,2.365811326242027501e+00
-8.359829422919096942e+01,-3.228393959258444301e+00
5.679101618541179164e+01,-6.919717618733822739e+00
-1.514754669697834402e+02,-3.388991488597957868e+01
6.631563492116606540e+01,-3.752089275978492111e+01
-1.672178006031178370e+02,4.796116762588556526e+01
-4.760900609172349363e+01,5.469981090044452543e+01
8.759552365629369319e+01,7.501900398378799650e+01
-1.326602803216326265e+02,-2.464544056062045030e+01
-1.234331570358271435e+01,-4.559081809255296491e+01
-1.162153744662179378e+02,-1.137654268574943828e+01
7.774541708685977426e+01,-7.590094661274548571e+00
8.856484526720187489e+00,2.627270163747788700e+01
1.170633971488714593e+02,5.321537338996021305e+01
-1.411079428346497480e+02,1.847381080177685320e+01
-3.268817726576381233e+01,3.543960895037362491e+01
7.584598198346721176e+01,3.967221143842603936e+01
-1.528241629435722757e+02,-2.067839036012525611e+01
-5.588368579873334596e+01,-1.422755820163736651e+01
7.921999936409530108e+01,-4.074438640087906904e+00
3.018295544202584324e+01,4.354832333224769059e+01
3.149092109886881374e+01,1.177565168693691611e+01
-1.352908001555175019e+02,2.024088943351896575e+01
-5.965190329329868746e+01,3.485418155608816448e+01
6.976620081626634828e+01,-4.898646947768098059e+00
-1.895885838330376032e+02,2.987046665735978657e+00
-8.150221295405407318e+01,4.069928772813241125e+01
5.290424454286745259e+01,-7.137909504249582149e+00
-1.689540067913451082e+02,-3.328649216251998944e+00
4.715281521921545504e+01,-2.220014970419482836e+01
-1.667227050128548171e+02,-1.455099248063492778e+00
4.850265618712185756e+01,-2.697990677622007638e+01
2.675423111633457651e+01,-2.804469176480120751e+01
-1.547986941021756593e+02,-1.813440350283303815e+01
-9.117387417154917273e+01,-1.737740825810562484e+01
8.983235600400273313e+01,-2.879934215720830970e+00
-1.305380280433969915e+02,8.966583070589500437e+00
4.700824846596366058e+01,-9.020289404431409253e+00
1.128375393158892450e+02,6.896779203880321063e+00
2.933854120437511526e+01,-1.296620434335597594e+01
-1.195193712535290729e+02,2.184044111678059963e+01
4.345277002033476776e+01,5.370213890975251303e+01
-9.411732012763077648e+01,2.233874484383616021e+01
5.652797746305954973e+01,5.342082521975741827e+01
5.875597671700317193e+01,-2.387987272818777029e+01
-1.425763152476184246e+02,3.069088710424611222e+01
5.238618955228916008e+01,6.607150916872571145e+01
-8.559992838745323240e+01,4.916144904072260857e+01
6.615941249702004257e+01,5.909471782748303070e+01
-3.505985078492215479e+01,-2.427205888260782629e+01
1.442495497941328892e+02,-4.181170265811315545e+01
-1.156175106806387021e+02,1.715451842951633221e+00
4.137824803677543883e+01,1.007796525225885986e+01
-1.121258972050146099e+02,-3.197755271314208869e+01
8.271386856138597921e+01,-4.941497041126615386e+01
-1.471723250951546902e+02,-2.299983265017330325e+01
3.651302533727466226e+01,-3.428210749675962887e+01
-1.569512577341259885e+02,-1.921934557469463289e+00
-4.888865830202455243e+01,3.634722624677710456e+00
5.914912690669015660e+01,1.295337491366255023e+01
-1.544759291412396180e+02,-1.633721144003339276e+01
-6.821808717700177738e+01,-1.960413716650424476e+01
6.023259428593686238e+01,5.742302948423099629e+00
-1.416026547623270915e+02,-4.446917989632023449e+00
4.070569447257283713e+01,-3.090953692948525244e+01
-1.394842902227265142e+02,-4.969780099645134008e+00
-4.246843779799045393e+01,-4.699345635527079068e+00
1.091045298430587849e+02,-7.470708822023294005e+00
-1.093754598956805921e+02,-1.339860078111656883e+01
4.215234128209809938e+01,-1.158079235206850477e+01
-7.991633932699500953e+00,-3.334144512868195420e+01
-1.296715195399337119e+02,-8.266684150411395038e+00
6.682796018160470908e+01,6.427447538113023029e+01
-1.519239047704177494e+02,1.283096678635693699e+01
3.125183110702372602e+01,1.830945902614611143e+01
-1.080473309880671167e+02,1.565008020279979872e+00
4.742907619177574929e+01,2.958941492144187002e+00
3.320373363593030547e+01,1.779491583545130950e+01
-1.257850876071731250e+02,-1.542030670570171402e+01
3.963944547338476809e+01,-4.398240224155397016e+01
-1.406881268067286612e+02,6.355535811584257289e+01
5.852713298888378546e+01,8.358797543764592319e+01
-1.453205923245432700e+02,2.527491682750207858e+01
5.886032497990316692e+00,2.840249810700104049e+01
9.157701141481931018e+01,2.066665507814896330e+01
-1.726834813762261547e+02,-1.657723852482005000e+01
-3.127252748662930415e+01,1.279891050251830542e+01
8.829047785807499338e+01,7.128656875839149976e+00
-1.065965746566111108e+02,-8.777260848886844213e-01
5.604798659367534697e+01,9.855361460256480965e-01
-1.723369624179321136e+02,1.055229772288441659e+01
-6.982859383568369083e+01,-1.573914000145425973e+01
9.322837692764102258e+01,-2.236880403215529967e+01
-1.241291625517715715e+02,7.650016774628804583e+00
-2.682982141173898327e+01,9.700877235480881211e+00
1.136866894068715368e+02,4.609673398380437881e+00
-1.394949635129465833e+02,-8.884417811203570992e+00
5.424602940341679869e+01,2.071957995053610446e+01
5.302797510287700078e+01,-5.123750436599729596e+01
-1.409167038690370646e+02,4.057490574461405686e+01
6.318541290832735768e+01,-8.045051706058740137e+01
3.811722284774082681e+01,3.019555951189418863e+01
-9.113531658266128943e+01,-1.216097834360748742e+01
8.221863707936937260e+01,-3.826434250173494434e+01
5.477981106986687365e+01,3.439906373228756564e+01
-1.425211959728628699e+02,1.268341466808357509e+01
5.202785786042890948e+01,2.430912580346305418e+01
-1.023860116699788847e+02,8.824831312971221919e+00
6.010345142019466635e+01,2.507564222184312541e+01
5.826643457763300660e+01,4.222203904835572530e+01
-9.255312893241587346e+01,-1.500694448615911281e+00
8.016635320962568301e+01,5.063428884983235179e+00
-7.166467186568547731e+01,1.353177750526196377e+01
7.785466222108716750e+01,2.651692907184182602e+01
5.398871990022785639e+01,-1.510048407495544787e+01
5.184905880296208380e+01,1.019452864113557489e+01
-1.454781730826594810e+02,6.267404663015430977e+00
-1.612370318301135796e+01,6.627983948506169121e+00
1.788063955099303541e+02,-1.998777698070644604e+01
-8.074282223812372195e+01,-2.526009325120269100e+00
1.241909788184551786e+02,-4.341105119593616735e+01
1.550765979343073298e+02,1.058250921150618318e+01
1.558556871046601486e+02,-3.692126717788164036e+00
1.553593461833757488e+02,-1.933450458207652645e+01
1.577381622592208998e+02,-4.304769722836691415e+01
1.564203779434640751e+02,-3.545089308020352092e+01
1.577727276921370958e+02,-4.295788012979517845e+01
1.584255760657684675e+02,-4.564055276928463201e+01
2.662373603782640430e+02,-1.149501185928001412e+01
2.659723305213087201e+02,1.269091388109084129e+01
1.790501891978233289e+02,-1.837303697872314245e+01
1.795675381816429876e+02,-7.288194771579767917e+00
2.434079847465283706e+02,-1.701814449664464490e+01
2.873333386358527832e+02,-3.305553212328193879e+00
2.876239361857772678e+02,-3.146061673691857763e+01
1.560832735768839825e+02,-2.992445226950111348e+01
1.560832735768839825e+02,-2.992445226950111348e+01
1.779789840211103353e+02,-2.091733030026157181e+01
1.767101140422031449e+02,-1.922320878032908098e+01
1.796888062404629522e+02,-1.416614358826144837e+01
-1.317956693021632475e+02,1.431768248650774389e+01
-3.268315363723268518e+01,2.477675554198075147e+01
1.023204759100820098e+02,3.868950336421174541e+01
-1.381222934979323895e+02,-2.033816521980509151e+01
-2.784353328149573770e+01,-2.262348096322908120e+01
1.066230336740942022e+02,-3.347901242414002354e+01
-1.305402195574474433e+02,-2.858953993927499226e+01
-3.267353378511612050e+01,-4.024454525355263002e+01
1.024143489427973464e+02,-4.630879805674929628e+01
-2.147571082236887605e+02,-1.333034217137850952e+01
-1.538679673060300068e+01,5.152637817486536598e+00
-1.702437736611929040e+02,-1.417845416559499228e+01
-5.806790948471756764e+01,-1.988962543122534399e+01
6.721301971024809063e+01,-3.577767366988523889e+01
-2.542436859605220434e+02,8.356314182523522094e-01
-2.408480077627539231e+02,1.837734241917293332e+01
-2.690180135417632101e+01,-4.039479843951613702e+01
-7.190389134655295322e+01,-1.878097180958896217e+01
7.691095202619956694e+01,-3.819679044372329457e+01
-1.422716933264403281e+02,-7.101413096613668152e+00
-6.891207011240760494e+01,-8.515912377684903944e+00
1.265653609354700677e+02,-9.367168783736586235e+00
-9.187139635983729136e+01,-8.176022812212819346e+00
1.031454286561597229e+02,-1.214836800037644693e+01
-9.394759809479039347e+01,1.267317924331531209e+01
6.518240790170851540e+01,1.443622559373482517e+01
3.852811993480341357e+01,-2.269079636031576541e+01
-8.722414377140862030e+01,-1.434762818539886098e+01
3.165624878158352473e+01,-2.344188877347371402e+01
3.165624878158352473e+01,-2.344188877347371402e+01
-1.182671742452258741e+02,4.915651668580088085e+01
1.460280836535778093e+01,8.078546686292773416e+01
9.716125548019770974e+01,-4.041515217529808979e+01
8.983439910988477095e+01,7.756373714460538338e+01
-1.015873505971905928e+02,1.765849481927206810e+01
2.972056959032225620e+01,1.518135120472917876e+01
-1.020239159278777805e+02,6.035428644062633907e+00
4.831583932384853597e+01,2.878220282168824085e+00
-1.592635244800964642e+02,5.950642454699700323e+00
5.005823137689229441e+01,1.126171196837247024e+01
-1.397563733546133165e+02,1.303079450605382306e+01
6.972687626455343946e+01,4.044641645499895333e+01
-1.233982466309065842e+02,1.317640775321365076e+01
6.484239216392948890e+01,2.423286468470620747e+01
-1.132940601586414431e+02,7.225728327344617341e+00
7.148839422865954418e+01,-5.036019176130278607e-01
-1.580559914913608281e+02,-3.372366644638625388e+01
4.938008151571479232e+01,-5.076711505252689705e+01
-7.858569550820936911e+01,2.026146047483088353e+01
9.296023937817054161e+01,3.261301908644272629e+01
-7.913071317714332054e+01,-4.099236513638323309e+00
9.195198122447091293e+01,1.143332212604202813e-01
9.724183674142305733e+01,-5.471154500310966284e+00
6.881958974338907353e+01,-2.859460571478096469e+01
-5.395999065168846975e+00,-3.611646769633182430e+01
6.881538676194351467e+01,8.279769535844744155e+01
-1.453183539263567923e+02,-6.227283146088101518e+00
1.887296186538370080e+01,-6.743287986222008534e+00
1.787576357452458353e+02,-7.781165935434625425e+00
3.806507826505682601e+01,7.572890879902136163e+00
-1.351678198795863466e+02,4.597382302308035129e+00
4.240001649731416933e+01,1.630396700527403553e+01
-1.081554179764071648e+02,1.377158472309504589e+01
-1.081177303364585498e+02,1.068138587591012723e+01
-1.081931056163557230e+02,1.686178357027996455e+01
-1.082307932563043238e+02,1.995198241746487255e+01
6.273017919547895360e+01,3.127767761896614473e+01
6.252429675183100954e+01,2.184944462879673921e+01
6.293606163912691898e+01,4.070591060913552184e+01
6.314194408277486303e+01,5.013414359930491315e+01
-1.415914067701714316e+02,3.912960286376983987e+01
8.466488601477530551e+01,1.102308605502285133e+02
-2.058270379656719058e+02,-1.886523253372790876e+01
1.062873700676959743e+02,-3.524904045676963449e+01
2.648777697567823566e+02,-1.469848540441516782e+01
2.648662479458103576e+02,-1.472842443727241424e+01
1.764299824603585023e+02,2.138267981331645018e+01
1.799089333099375665e+02,6.713718275948016867e+01
2.904215724927154838e+02,-2.092059403137784912e+01
1.811271399462770830e+02,-2.756612143190772457e+01
2.693482825382503165e+02,-3.741121868036610465e+01
1.799678526232559648e+02,1.471727118568576742e+01
